code,name,price,stock,FL Lotte,FL Takashimaya,FL Estella,FL Crescent Mall,Sale Online,FL Event HCM,Kho VP805,Kho GKCPP,Kho FL,Kho ADC,FL Sai Dong,Kho HN_Thanh lý,Kho HCM_Thanh lý
EP-97025,Hàng Marketing_Thỏ Chocolate 90cm,"7,649,000",3,,,2,,,,,,,,,,1
TA-514890,Đồ chơi Starter Workshop,"460,000",3,,,,,,,,,3,,,,
TA-514906,Đồ chơi Deluxe Workshop,"1,200,000",1,,,1,,,,,,,,,,
TA-514913,Đồ chơi Kid Wood M,"360,000",7,,,6,,,,,,1,,,,
TA-514937,"Đồ chơi Nail, Screw and Hinge","290,000",6,,,,,,,,,6,,,,
TA-514944,Đồ chơi Driver and Hold Cutter,"260,000",12,,,,,,,,,12,,,,
TA-514951,Đồ chơi Saw and Guide,"260,000",6,,,,,,,,,6,,,,
TY-69570,Linh kiện dường đua,"2,590,000",4,,,,,,,,,,,,4,
TY-69571,Linh kiện dường đua,"1,890,000",4,,,,,,,,,,,,4,
TM-257271,Đồ chơi Tomica World 257271 - Tomica Parking Case,"490,000",2,,,,,,,,,2,,,,
TM-329473,Minnie Toy Charm,"240,000",1,,,,,,,,,,,,1,
TM-421511,Đồ chơi mô hình S-20 Tsubame Express,"390,000",5,3,,2,,,,,,,,,,
TM-430681,Đồ chơi mô hình Vehicle Base Rail Set,"790,000",5,5,,,,,,,,,,,,
TM-457152,Đồ chơi N700 Shinkansen Set,"950,000",38,,,4,,,,,,4,30,,,
TM-470724,Đồ chơi mô hình Doctor Yellow Set,"890,000",4,4,,,,,,,,,,,,
TM-471417,Đồ chơi mô hình Palm Pet Happy Pikachu,"349,000",1,,,1,,,,,,,,,,
TM-471431,Đồ chơi mô hình Palm Pet Lovely Pikachu,"349,000",1,,,1,,,,,,,,,,
TM-478751,Đồ chơi mô hình E233 Saikyo Line,"390,000",18,,,,,,,,,,18,,,
TM-491958,Line Label Maker,"750,000",1,,,,,,,,,1,,,,
TM-494041,Flight Shumilator Dusty,"1,400,000",1,,,,,,,,,,,,1,
TM-6555,Megasketcher,"790,000",6,,,6,,,,,,,,,,
TM-72194,Stack 'N' Play Lighthouse,"680,000",2,,,2,,,,,,,,,,
TM-72196,Protect 'N' Play I-Case,"460,000",3,,,,,,,,,,,,3,
TM-72215,Poppin' Penguin Island,"680,000",1,,,,,,,,,,,,1,
TM-805151,Samuraiborg Enzan,"980,000",1,,,,,,,,,1,,,,
TM-813996,Đồ chơi mô hình E5 & E6 Connecting Set,"950,000",42,2,,11,,,,,,5,24,,,
TM-826576,M-02 Movin Movin Woody,"160,000",41,,,,,,,,,39,,2,,
TM-826651,M-10 Movin Movin Fric,"160,000",1,,,,,,,,,1,,,,
TM-826668,M-04 Movin Movin Remy,"160,000",1,,,,,,,,,1,,,,
TM-832829,Fullchara Ice Mag Nemo & Dory,"499,000",8,,,,,,,,,8,,,,
TM-835516,Movin' Movin I/O Anger,"180,000",7,,,,,,,,,6,,1,,
TM-835547,Movin' Movin I/O Bing Bong,"180,000",7,,,,,,,,,3,,4,,
TM-844693,Tomica Toy Story Buzz And Space Ship,"279,000",7,,,,,,,,,6,,,,1
TM-844709,Tomica Toy Story Allen And Rocket,"279,000",15,,,,,,,,,14,,,1,
TM-844716,Tomica Toy Story  Jessie And Toy Box Carriage,"279,000",81,14,,30,7,,,,,28,,,1,1
TM-844723,Tomica Toy Story Woody And Rc,"279,000",80,17,,14,8,,,,,40,,,1,
TM-844747,Tomica Toy Story Green Army Men & Military Motor,"279,000",17,1,,,,,,,,14,,,2,
TM-L62006V,Vivian (Young Ankylosaurus),"319,000",4,,,,,,,,,,,4,,
TM-L62023V,Bubbha (Raptor),"529,000",4,,,,,,,,,,,4,,
TM-L70002,Judy & Bellwether,"299,000",3,,,,,,,,,,,3,,
TM-L70004,Mayor Lionheart & Lemming,"259,000",5,,,,,,,,,5,,,,
TM-L70006,Clawhauser & Bat Eyewitness,"259,000",7,,,,,,,,,,,7,,
TM-L70021,Judy's Meter Maid Pursuit,"599,000",1,,,,,,,,,,,1,,
TM-L70022,Nick's Convertible,"599,000",30,,,,,,,,,9,,21,,
TM-L70904,Operation Red Wood,"799,000",1,,,,,,,,,,,1,,
3281PK,Wheels,"148,000",1,,,,,,,,,,,1,,
3574XP,Metal Drifter,"798,000",4,1,,,,,,,,,,3,,
3575XP,Speed Beetle,"248,000",1,,,,,,,,,,,1,,
3588XP,FH Zero,"598,000",1,,,,,,,,,,,1,,
3589XP,Strix,"1,298,000",6,2,,,,,,,,,,4,,
3593XP,Echo 2,"1,098,000",4,1,,,,,,,,,,3,,
3596XC,Hayabusa,"598,000",21,3,,,,,,,,,,18,,
3597XP,Skyhawk,"698,000",16,2,,,,,,,,,,14,,
3598XP,Torque,"1,148,000",10,,,,,,,,,,,10,,
3601XP,Flipside,"498,000",12,2,,,,,,,,,,10,,
3602XP,Hornet,"448,000",2,2,,,,,,,,,,,,
3603XP,Metal racer,"798,000",11,3,,,,,,,,,,8,,
72321-2,Mô hình cầu thủ  Bio Wadelio - 7,"208,000",1,,,,,,,,,,,1,,
72321-3,Mô hình cầu thủ Bio Pulse - 8,"208,000",5,,,,,,,,,,,5,,
72321-5,Mô hình cầu thủ Ka - 10,"208,000",19,,,,,,,,,,,19,,
72325,Bộ bàn đấu,"198,000",29,,,,,,,,,,,29,,
9072XP,Barracuda,"1,498,000",3,,,,,,,,,,,3,,
BB080AV-029DB,Cặp chống gù JL - Chiến binh dũng cảm,"1,390,000",5,2,,3,,,,,,,,,,
BB080AV-030DP,Cặp chống gù NQ - Wakanda Forever,"1,250,000",7,4,,3,,,,,,,,,,
BB08MCS-036DB,Cặp chống gù JL - Người nhện siêu đẳng,"1,390,000",3,2,,1,,,,,,,,,,
BB08MCS-037RD,Cặp chống gù NQ - Chàng nhện vui tính,"1,250,000",1,1,,,,,,,,,,,,
BB08PPC-023LB,Cặp chống gù NQ - Nữ hoàng băng giá,"1,250,000",1,,,1,,,,,,,,,,
BB08TMF-014LM,Cặp chống gù NQ - Minnie yêu kiều,"1,250,000",4,,,4,,,,,,,,,,
670368,Lớp Học Mật Ngữ,"440,000",1,,,1,,,,,,,,,,
WT-124ORG-M-L,Cáo Fennis đứng L - Bộ màu,"610,000",2,,,2,,,,,,,,,,
WT-131WHI-M,Sư tử con ngồi - Bộ Platinum,"336,000",1,,,1,,,,,,,,,,
WT-167YEL-F-VN,Sư tử Ari Việt Nam,"525,000",1,,,1,,,,,,,,,,
WT-169ACR-M-L,Gấu Bobbie tinh nghịch,"500,000",1,,,1,,,,,,,,,,
WT-169ACR-M-VN,Gấu Bobbie Việt Nam,"525,000",2,,,2,,,,,,,,,,
WT-171BEI-M-L,Kangaroo Karu tinh nghịch,"500,000",1,,,1,,,,,,,,,,
WT-212CRE-M-M,Cừu Poppy đứng M -Bộ màu,"460,000",1,,,1,,,,,,,,,,
WT-213ORG-M-M,Cáo Fennis đứng M - Bộ màu,"460,000",3,,,3,,,,,,,,,,
60012K,Xe bé tập đi,"320,000",1,,,,,,,,,1,,,,
61252,Ngựa xếp bập bênh ,"664,000",2,,,,,,,1,,1,,,,
62012K,Xe chó chở đồ chơi ,"360,000",1,,,,,,,,,1,,,,
62062,Đàn hình rùa,"162,000",1,,,,,,,,,,,1,,
62342,Đĩa cân bằng,"190,000",1,,,,,,,,,,,1,,
63082,Thảy vòng chú hề,"119,000",3,,,,,,,,,,,2,1,
65032,Bộ Nấu Ăn,"315,000",1,,,,,,,1,,,,,,
65242,Bé tập làm bác sĩ,"264,000",4,,,,,,,1,,,,3,,
66032,Bếp nướng,"297,000",2,,,,,,,,,,,2,,
66222,Trò chơi tìm hình,"241,000",1,,,,,,,,,,,1,,
66292,Xe Thể Thao,"126,000",4,,,,,,,,,3,,1,,
66382,Bộ Luyện Viết Chữ,"504,000",1,,,,,,,,,,,1,,
67262,Máy Bay Thể Thao,"93,000",2,,,,,,,,,1,,1,,
67302,Xe Đua Địa Hình,"120,000",5,,,,,,,,,,,5,,
67362,Bộ câu lý thú,"160,000",1,,,,,,,1,,,,,,
68442,Bé vui học chữ,"55,000",2,,,,,,,,,1,,1,,
69172,Hộp Xếp Hình Thể Thao,"105,000",23,,,,,,,,,12,,11,,
0003ABC996287,Xe scooter trẻ em ABC,"2,190,000",4,,,,,,,1,,,,,3,
125YYFL,Yoyo Promotion Funnyland,"139,000",259,6,3,1,,,,,,16,,233,,
18-56011,Xe hơi Bburago 2016,"79,000",30,,,30,,,,,,,,,,
18-56098,"1:64 Ferrari R&P Endurance Track, Incl. 1 Car, Ean 4 893993 ","669,000",2,,,,,,,,,,,2,,
75YYFL,Yoyo cơ bản Funnyland,"99,000",56,,,,,,,,,,,56,,
BANXOAY,Bàn xoay trưng bày sản phẩm,"100,000",87,,,2,,,,6,,44,,35,,
BX1236Z,Xe điều khiển không gian B.Toys,"749,000",1,,,,,,,,,1,,,,
BX1255Z,Hornbill Water Whistle,"109,000",3,,,,,,,,,,,3,,
BX1258Z,Elephant Ocarina,"89,000",1,,,,,,,,,,,1,,
BX1283Z,Game chơi nước B.Toys,"139,000",1,,,,,,,,,1,,,,
BX1325Z,Tàu ngầm lắp ráp B.Toys,"619,000",7,6,,,,,,,,1,,,,
BX1336Z,Bộ khuôn xây Lâu đài cát B.Toys,"79,000",16,,,,,,,,,16,,,,
BX1337Z,Bộ khuôn xây Lâu đài cát B.Toys,"79,000",15,,,,,,,,,15,,,,
BX1392Z,Xe kéo Cún cưng,"290,000",1,,,,,,,,,1,,,,
BX1393Z,Xe kéo Heo con,"290,000",1,,,,,,,,,1,,,,
BX1412Z,Xẻng xúc cát B.Toys (Lớn),"179,000",1,,,,,,,,,1,,,,
BX1443Z,Cây cào cát B.Toys (Lớn),"179,000",11,4,,,,,,,,7,,,,
BX1464Z,B. Activity Suction Toy,"599,000",1,,,,,,,,,1,,,,
BX1470Z,Play Tunnel,"990,000",1,,,1,,,,,,,,,,
BX1502,Mini Retro Van,"219,000",1,,,,,,,,,1,,,,
BX1521Z,Vợt bắt cá B.Toys,"429,000",1,,,,,,,,,1,,,,
EE32587,Vịt kéo,"219,000",3,,,3,,,,,,,,,,
EE33267,Xếp chồng Chú hề vàng,"199,000",1,,,,,,,,,,,1,,
EE33568,Khủng long Velociraptor,"199,000",2,,,,,,,,,2,,,,
EE33569,Khủng long T-Rex,"199,000",1,,,,1,,,,,,,,,
EE33571,Khủng long Stegosuars,"199,000",28,,,,,,,,,23,,5,,
EE33572,Khủng long Triceratops,"199,000",14,,,,,,,,,12,,2,,
EE33609,Cửa hàng thực phẩm,"1,490,000",1,,,1,,,,,,,,,,
EE33672,Lục lạc sư tử,"139,000",42,,,,,,,,,37,,5,,
KG02-3164COL2,Kính mát Frozen 2_KG02-3164COL2,"280,000",2,,,2,,,,,,,,,,
KG2045COL1,Kính mát Sofia 1_KG2045COL1,"280,000",2,,,2,,,,,,,,,,
KG2045COL2,Kính mát Sofia 1_KG2045COL2,"280,000",1,,,1,,,,,,,,,,
KG2791COL1F,Kính mát Frozen 1_KG2791COL1F,"280,000",1,,,1,,,,,,,,,,
KG2791COL1S,Kính mát Sofia 2_KG2791COL1S,"280,000",4,,,4,,,,,,,,,,
KG2791COL2F,Kính mát Frozen 1_KG2791COL2F,"280,000",1,,,1,,,,,,,,,,
KG2845COL1,Kính mát Frozen 1_KG2845COL1,"280,000",20,,,19,,,,,,1,,,,
KG2845COL2,Kính mát Frozen 1_KG2845COL2,"280,000",25,,,25,,,,,,,,,,
KG2865COL1,Kính mát Sofia 1_KG2865COL1,"280,000",35,,,35,,,,,,,,,,
KG2865COL2,Kính mát Sofia 1_KG2865COL2,"280,000",12,,,11,1,,,,,,,,,
KG2876COL1S,Kính mát Sofia 2_KG2876COL1S,"280,000",1,,,1,,,,,,,,,,
KG2973COL1S,Kính mát Sofia 1_KG2973COL1S,"280,000",17,,,17,,,,,,,,,,
KG2973COL2F,Kính mát Frozen 1_KG2973COL2F,"280,000",4,,,4,,,,,,,,,,
KG2973COL2S,Kính mát Sofia 1_KG2973COL2S,"280,000",2,,,2,,,,,,,,,,
KG3031COL2S,Kính mát Sofia 2_KG3031COL2S,"280,000",2,,,,,,,,,,,,2,
KG3032COL2,Kính mát Sofia 1_KG3032COL2,"280,000",1,,,1,,,,,,,,,,
KG3036COL2,Kính mát Frozen 2_KG3036COL2,"280,000",4,,,4,,,,,,,,,,
MICATOONG,Hộp Mica Tổ Ong,,39,,,,,,,,,31,,8,,
PC2229Z,Máy pha cà phê Playcircle,"449,000",3,,,3,,,,,,,,,,
PL4284,Master Bedroom,"679,000",6,3,,3,,,,,,,,,,
PL4790,Princess with Weaving Wheel,"149,000",19,8,,9,2,,,,,,,,,
PL4791,Handyman with Bike,"149,000",2,,,1,,,,,,,,,1,
PL4795,Fireman with Hose,"149,000",1,,,,,,,,,,,,1,
PL4812,Wolf Knight Catapult,"349,000",1,,,,,,,,,,,1,,
PL4848,Templeguard With Orange Lightweapon,"199,000",5,,,5,,,,,,,,,,
PL4849,Templeguard With Orange Lightweapon,"199,000",1,,,1,,,,,,,,,,
PL4877,Agent Detectorjet,"929,000",1,,,1,,,,,,,,,,
PL4879,Spying Camera Set,"3,699,000",1,,,,,,,,,,,1,,
PL5143,Princess with Pegasus Carriage,"799,000",1,,,1,,,,,,,,,,
PL5147,Royal Bath Chamber,"609,000",2,,,2,,,,,,,,,,
PL5161,Click & Go Croc Speedboat,"569,000",2,,,2,,,,,,,,,,
PL5165,Beachgoers Duo Pack,"199,000",1,,,1,,,,,,,,,,
PL5174,Turbo Racer Playset,"849,000",1,,,1,,,,,,,,,,
PL5177,Bank With Safe,"1,990,000",1,,1,,,,,,,,,,,
PL5189,Gymnast (Rings),"129,000",1,,,1,,,,,,,,,,
PL5192,Gymnast (Pommel Horse),"129,000",1,,,1,,,,,,,,,,
PL5194,Judokas,"169,000",1,,,1,,,,,,,,,,
PL5201,Javelin Thrower,"129,000",6,,2,4,,,,,,,,,,
PL5210,Great Dane With Puppy,"329,000",1,,,1,,,,,,,,,,
PL5212,Dalmatians With Puppy,"329,000",1,,,1,,,,,,,,,,
PL5229,Equestrian Vaulting,"369,000",2,,,2,,,,,,,,,,
PL5295,Magician with Genie Lamp,"149,000",4,4,,,,,,,,,,,,
PL5309,Bedroom with dressing table,"759,000",1,1,,,,,,,,,,,,
PL5332,Comfortable Livingroom,"929,000",1,1,,,,,,,,,,,,
PL5335,Posh Dining Room,"429,000",1,1,,,,,,,,,,,,
PL5368,Mother and Child with changing table,"149,000",1,,,1,,,,,,,,,,
PL5370,Fairy with Deer,"149,000",1,,,,,,,,,,,,1,
PL5372,Surfer with Surf Board,"149,000",49,5,14,29,1,,,,,,,,,
PL5373,Cowboy with Foal,"149,000",2,,,2,,,,,,,,,,
PL5374,Ice Sculptor,"169,000",9,,,8,,,,,,,,,1,
PL5375,Garden Princess,"169,000",49,14,10,20,5,,,,,,,,,
PL5376,Young Explorer with Otters,"169,000",7,1,,5,,,,,,,,,1,
PL5377,DJ,"169,000",43,9,9,24,1,,,,,,,,,
PL5378,Pirate with Cannon,"169,000",12,1,,10,1,,,,,,,,,
PL5379,Window Cleaner,"169,000",21,3,,17,,,,,,,,,1,
PL5380,Dog Walker,"169,000",1,,,1,,,,,,,,,,
PL5382,Boy with Go-Kart,"169,000",2,,,2,,,,,,,,,,
PL5383,Ice Hockey Practice,"169,000",5,4,,1,,,,,,,,,,
PL5384,Gem Hunter,"169,000",23,8,,15,,,,,,,,,,
PL5415,Wild Life Gorillas and Okapis,"1,019,000",2,,,2,,,,,,,,,,
PL5448,Forest Fairy Diana with Horse,"379,000",1,,,1,,,,,,,,,,
PL5449,Forest Fairy Surya With Horse,"379,000",2,,,2,,,,,,,,,,
PL5471,Compact Excavator,"1,159,000",1,,,,,,,,,,,1,,
PL5473,Surveyor,"199,000",1,,,1,,,,,,,,,,
PL5554,Spinning Spaceship Ride with Lights,"2,119,000",2,1,,1,,,,,,,,,,
PL5556,Electric Ride Motor,"619,000",24,,,4,,,,,,20,,,,
PL5572,Ball Pit,"419,000",21,2,9,9,1,,,,,,,,,
PL5578,Fitness Room,"389,000",5,2,,3,,,,,,,,,,
PL5664,Tow Truck,"1,490,000",14,4,,4,,,,,,,,6,,
PL5665,Dump Truck,"1,490,000",4,4,,,,,,,,,,,,
PL6148,Model with Catwalk,"1,529,000",2,,,2,,,,,,,,,,
PL6150,Celebrity on the Red Carpet,"449,000",3,2,,1,,,,,,,,,,
PL6179,Take Along Fairy Unicorn,"1,079,000",5,,,1,,,,,3,,,1,,
PL6617,Equestrienne Keyring,"149,000",1,,,,,,,,,,,1,,
PL6618,Princess Keyring,"149,000",1,,1,,,,,,,,,,,
PL6640,Giraffe with Calf,"449,000",10,2,,8,,,,,,,,,,
PL6642,Lion Family,"449,000",3,,,3,,,,,,,,,,
PL6644,Alligator with Babies,"449,000",2,2,,,,,,,,,,,,
PL6645,Tiger Family,"449,000",9,3,,6,,,,,,,,,,
PL6648,Orangutan Family,"449,000",29,9,,20,,,,,,,,,,
PL6649,Penguin Family,"249,000",2,2,,,,,,,,,,,,
PL6651,Flock of Flamingos,"249,000",6,6,,,,,,,,,,,,
PL6652,Panda Family,"249,000",1,1,,,,,,,,,,,,
PL6654,Koala Family,"249,000",1,,,1,,,,,,,,,,
PL6655,Meerkats,"249,000",4,1,,3,,,,,,,,,,
PL6656,Zoo Enclosure,"349,000",1,,,1,,,,,,,,,,
PL6658,Pirate Keyring,"149,000",5,,,,,,,5,,,,,,
PL6663,Child in Wheelchair,"259,000",5,,,5,,,,,,,,,,
PL6664,Fireman Keyring,"149,000",1,,,,,,,,,,,,1,
PL6665,Mermaid Keyring,"149,000",16,,6,1,,,,,,,,9,,
PL6666,Medic Keyring,"149,000",26,,12,4,,,,,,,,10,,
PL6667,Penguin Keyring,"149,000",7,,,2,,,,1,,,,4,,
PL6674,Kid with Kayak,"189,000",1,,,1,,,,,,,,,,
PL6676,River-Rafting Tube,"189,000",15,2,4,7,2,,,,,,,,,
PL6687,Lost Island with Alien and Raptor,"619,000",1,,,1,,,,,,,,,,
PL6688,Musical Flower Tower with Twinkle,"1,959,000",8,,,,,,,,,8,,,,
PL6690,Dr. X,"199,000",16,,6,10,,,,,,,,,,
PL6691,Skyjet,"429,000",1,,,1,,,,,,,,,,
PL6692,Techno Chameleon with Gene,"1,949,000",4,,,4,,,,,,,,,,
PL6698,Royal Guard Sir Ulf,"159,000",10,,,10,,,,,,,,,,
PL6782,Quad Bike,"299,000",1,,,1,,,,,,,,,,
PL6790,Convertible Car,"379,000",2,,1,1,,,,,,,,,,
PL6824,Werewolf,"129,000",39,13,3,17,1,,,,,,,4,1,
PL6825,Indian Princess,"129,000",23,8,,,2,,,,,5,,8,,
PL6826,Acrobat,"129,000",44,5,5,13,1,,,,,13,,7,,
PL6827,Fitness Instructor,"129,000",46,6,7,15,,,,,,8,,10,,
PL6828,Tech Guru,"129,000",1,,1,,,,,,,,,,,
PL6829,Love Fairy with Ring,"129,000",10,3,2,4,1,,,,,,,,,
PL6830,Animal Trainer with Cockatoo,"129,000",14,3,2,6,2,,,,,1,,,,
PL6842,Elf and Dwarf Duo Pack,"199,000",73,11,5,26,8,,,,,5,,18,,
PL6843,Princess and Handmaid,"199,000",22,4,,16,,,,,,,,2,,
PL6844,Scientist with Robot Duo Pack,"199,000",23,2,10,,,,,,,10,,,1,
PL6845,Flamenco Dancers Duo Pack,"199,000",46,2,7,22,9,,,,,,,6,,
PL6853,Masked Ball,"849,000",1,,,1,,,,,,,,,,
PL6958,Car with Horse Trailer,"839,000",4,,,1,,,,,,,,3,,
PL6960,Construction Truck,"649,000",1,,,,,,,,,,,1,,
PL6963,Petting Zoo,"999,000",2,,,2,,,,,,,,,,
PL6965,Farmer's Wife with Hen,"379,000",16,,,8,,,,,,,,8,,
PL6966,Parents with Baby Crad,"299,000",18,,,18,,,,,,,,,,
PL6972,Farmer with Cow,"199,000",11,5,,5,,,,,,,,1,,
PL6973,Equestrian with Horse,"199,000",2,1,,,1,,,,,,,,,
PL6974,Shepherd with Sheep,"199,000",20,8,1,9,1,,1,,,,,,,
PL6975,Woman with Cat,"199,000",28,1,,12,2,1,5,,,,,6,1,
PL6976,Gamekeeper with Tiger,"199,000",21,5,2,7,2,,1,,,,,4,,
PL6977,Woman with Dog,"199,000",31,4,2,9,2,,6,,,,,8,,
PL7350,Motor,"299,000",3,,,3,,,,,,,,,,
PL9072,Royal Lady,"129,000",67,4,8,9,4,,,,,22,,20,,
PL9073,Blade Warrior,"129,000",46,3,10,5,1,,,1,,21,,5,,
PL9074,Zookeeper with Baby Gorilla,"129,000",20,2,2,10,,,,,,5,,,1,
PL9146,Figures Boys S11,"89,000",40,,,40,,,,,,,,,,
PL9147,Figures Girls S11,"89,000",68,,5,63,,,,,,,,,,
16-81502,Ferrari Funny Friend_Laferrari,"749,000",2,,,,,,,,,2,,,,
16-81503,Ferrari Drifters_F14T,"749,000",5,,,,,,,,,3,,,2,
16-81604,Ferrari Touch & Go_458 Italia,"399,000",1,,,,,,,,,1,,,,
16-82002,Ferrari Lil Driver_Laferrari,"589,000",1,,,,,,,,,1,,,,
BFF0016,Doll Kitty_Green,"489,000",7,,,,,,,,,7,,,,
AN2728,Gia đình Ngựa vằn Terra,"559,000",2,,,1,,,,,,,,,,1
AN2732,Gia đình Gấu nâu Terra,"559,000",13,5,,1,,,,,,,,7,,
AN2770Z,Thế giới Rừng rậm Terra,"990,000",7,4,,,1,,,,,,,2,,
AN2771Z,Thế giới Tiền sử Terra,"990,000",12,4,2,2,3,,,,,,,1,,
AN2772Z,Thế giới Đại dương Terra,"990,000",12,2,2,3,1,,,,,,,4,,
AN2774,Gia đình Báo Terra,"559,000",3,,,3,,,,,,,,,,
AN2775,Gia đình Hổ Terra,"599,000",1,,,,,,,,,,,1,,
AN2776,Gia đình Ngựa Terra,"559,000",3,,,3,,,,,,,,,,
AN2800Z,Rắn điều khiển từ xa màu đỏ,"699,000",12,,,,,,,3,,5,,,,4
AN2801Z,Rắn điều khiển từ xa màu xanh,"790,000",6,,,,,,,1,,3,,,,2
AN2802Z,Thế giới đồng quê Terra,"990,000",17,4,4,4,4,,,,,,,1,,
AN2818Z,Nhện điều điều khiển từ xa màu xanh,"790,000",8,1,,4,2,,,,,,,,,1
AN2842Z,Nhện điều khiển từ xa màu đỏ,"790,000",11,4,,1,4,,,1,,,,,,1
AN2843Z,Rắn điều khiển từ xa màu đỏ,"790,000",2,,,,,,,2,,,,,,
AN2844Z,Rắn điều khiển từ xa màu xanh,"790,000",1,,,,,,,,,,,,1,
AN4022Z,Khủng long TYRANNOSAURUS REX,"349,000",5,,,4,,,,,,,,1,,
AN4035,Khủng long PARASAUROLOPHUS WALKERI,"249,000",3,,3,,,,,,,,,,,
AN4037,Khủng long STEGOSAURUS UNGULATUS,"249,000",4,,4,,,,,,,,,,,
AN6001Z,Ống Động vật trang trại Terra,"399,000",13,8,,2,3,,,,,,,,,
AN6003Z,Ống Khủng long Terra,"399,000",5,4,,,,,,,,,,,1,
AN6038Z,Ống Ngựa Terra,"399,000",78,5,30,23,11,,,,,7,,1,1,
AN6039Z,Ống Bò sát Terra,"399,000",2,1,,,1,,,,,,,,,
AN6077Z,Ống Côn trùng Terra,"399,000",14,4,3,6,1,,,,,,,,,
BD30051Z,OG Deluxe Tweed Jacket With Dress,"569,000",36,,,,,,,,,36,,,,
BD30292Z,OG Pyjama With Robe Outfit,"469,000",2,,,,,,,,,2,,,,
BD30301Z,Deluxe Golfing Outfit,"569,000",2,,,,,,,,,2,,,,
BD30307Z,Graduation Outfit,"469,000",4,,,,,,,,,4,,,,
BD30358Z,OG Farmer'S Market Outfit,"469,000",1,,,,,,,,,1,,,,
BD30371Z,OG Monster Pajama,"469,000",4,,,,,,,,,4,,,,
BD30375Z,OG Food Truck Outfit,"469,000",7,2,,,,,,,,5,,,,
BD30380Z,OG Deluxe Croquet Outfit,"569,000",33,,,1,,,,,,32,,,,
BD31008Z,Doll w/ Frilly Skirt - AYLA,"979,000",1,,,,,,,,,1,,,,
BD31076Z,OG Violet Anna Ballet Doll With Tutu Skirt,"979,000",1,,,,,,,,,,,,1,
BD31119Z,Family Doctor Doll - Nicola,"1,469,000",2,1,,,,,,,,,,1,,
BD31155Z,"Boy Doll With Hoodie, Rafael","979,000",18,1,,5,,,,,,4,,8,,
BD31165AZ,OG Everly Doll - Deluxe Bowling W/ Book,"1,469,000",1,1,,,,,,,,,,,,
BD31165Z,Deluxe Bowling Doll With Accessory,"1,469,000",1,,,,,,,,,1,,,,
BD31183Z,"Boy Doll, African American With Riding Outfit - Tyler","979,000",7,3,,2,,,,,,2,,,,
BD31189Z,Lake Doll W/ Pyjama & Robe,"979,000",14,3,,1,,,,,,,,10,,
BD31195Z,OG Lenaya Doll W/ Tweed Dress,"979,000",1,,,,,,,,,,,,1,
BD31197Z,OG Gabe Doll - Surfer Boy,"979,000",11,5,,2,,,,,,,,3,1,
BD31212Z,OG Elliana Doll W/ Riding Outfit (Hs),"979,000",7,7,,,,,,,,,,,,
BD31215AZ,OG Rayna Doll - Deluxe Food Truck W/ Book,"1,469,000",1,,,,,,,,,1,,,,
BD33004Z,Búp bê OG mini Sadie,"399,000",1,,,,,,,,,1,,,,
BD33005Z,Búp bê OG mini Holly,"399,000",1,,,,,,,,,,,1,,
BD33007Z,Búp bê OG mini Lana,"399,000",1,,,,,,,,,,,1,,
BD37017Z,Our Generation Hair Grow Brunette Parker,"1,469,000",1,,,,,,,,,1,,,,
BD37069Z,Bộ trang sức OG,"289,000",1,,,1,,,,,,,,,,
BD37075Z,Bộ vớ OG,"289,000",1,,,,,,,,,,,1,,
BD37108Z,Bộ phụ kiện OG,"289,000",1,,,,,,,,,,,1,,
BD37113Z,Giày OG,"289,000",3,,,3,,,,,,,,,,
BD37115Z,Giày OG,"289,000",2,2,,,,,,,,,,,,
BD37120Z,Giày OG,"289,000",1,,,,,,,,,,,1,,
BD37133Z,Xe hơi OG,"1,309,000",1,,,,,,,,,,,1,,
BD37171Z,Doll stand (pink),"359,000",22,4,,13,,,,,,4,,1,,
BD37268Z,Table and Chair set,"989,000",11,1,,4,,,,,,5,,1,,
BD37461,OG Deluxe Market Day Set,"1,990,000",5,1,,2,,,,,,2,,,,
BD37559Z,Bộ bàn ghế OG,"1,079,000",1,,,,,,,,,1,,,,
BD60031Z,Deluxe Perfecto Jacket Outfit,"569,000",2,,,,,,,,,2,,,,
BD60040Z,Deluxe Majorette Outfit,"569,000",7,,,,,,,,,7,,,,
BD60041Z,Deluxe Prom Queen Outfit,"569,000",10,,,,,,,,,10,,,,
BD60047Z,Dance Party Outfit,"469,000",1,,,,,,,,,1,,,,
BD60056Z,OG Retro Hot Dog Vendor Outfit,"469,000",3,,,,,,,,,3,,,,
BD60060Z,OG Deluxe Retro Bowling Outfit,"569,000",78,11,,5,,,,,,57,,5,,
BD67007Z,Xe hơi cao cấp OG (có dùng pin),"3,419,000",1,,,,,,,,,,,1,,
BD67037Z,Retro Music Accessories Set,"699,000",4,1,,2,,,,,,1,,,,
BD67051Z,Retro Car For 18 Doll (Without Roof),"2,990,000",4,,,2,,,,,,2,,,,
BX1025Z,Đàn organ con Mèo B.Toys,"1,149,000",1,,,,,,,,,,,,1,
BX1110Z,Bộ đồ chơi bác sĩ B.toys (xanh),"890,000",37,4,,9,,,,,24,,,,,
BX1129ZC2,Xe buýt B.Toys,"849,000",1,,,,,,,,,1,,,,
BX1146ZC2,Xe cứu hỏa B.toys,"849,000",1,,,,,,,,,1,,,,
BX1148Z,Vô lăng điều khiển B.Toys,"990,000",59,3,,11,,,,,34,1,,5,5,
BX1206Z,Đàn ghita Cún cưng B.Toys,"1,190,000",52,2,,9,,,,,39,,,2,,
BX1235Z,Xe điều khiển từ xa mini Wheee-Mote B.Toys,"789,000",4,,,1,,,,,,1,,,2,
BX1307Z,Túi đi biển mùa hè B.toys,"790,000",7,5,,2,,,,,,,,,,
BX1354Z,Đĩa bay chơi biển B.Toys (Xanh Dương),"149,000",2,2,,,,,,,,,,,,
BX1356Z,Đĩa bay chơi biển B.Toys (Cam),"149,000",2,2,,,,,,,,,,,,
BX1389Z,Trống ếch,"1,299,000",1,,,1,,,,,,,,,,
BX1416Z,Xe xúc cát B.Toys (Lớn),"579,000",1,,,,,,,,,1,,,,
BX1429Z,Xe tải chở cát lớn B.toys ,"990,000",2,2,,,,,,,,,,,,
BX1444Z,Large Bucket Set (Sea),"699,000",2,2,,,,,,,,,,,,
BX1445Z,Bộ xô cát lớn B.toys (Papaya),"699,000",1,,,,,,,,,,,,1,
BX1481Z,Bộ gạch mềm B.Toys,"490,000",72,5,,19,,,,,40,,,8,,
BX1482Z,Bộ gạch mềm kiến trúc B.Toys,"990,000",53,6,,10,,,,,33,2,,2,,
BX1527Z,Cá voi tưới nước B.toys,"699,000",2,,,,,,,,,1,,,1,
BX1535Z,Micro có chân đế trắng B.toys,"1,799,000",1,,,,,,,,,,,,1,
BX1536Z,B. Musical animal shape sorter,"1,799,000",4,2,,,,,,,,,,,2,
BX1573Z,Xe không gian điện đụng điều khiển từ xa,"1,390,000",10,3,,7,,,,,,,,,,
BX1581Z,Mô hình lắp ráp thả bi lăn vui nhộn,"1,490,000",10,2,,4,,1,,,2,,,1,,
BX1607Z,Cá voi Popper B.toys,"1,790,000",8,2,,6,,,,,,,,,,
BX1636Z,Dây nhảy phát sáng B.Toys,"399,000",4,,,4,,,,,,,,,,
BX1640Z,B. Light-up bowling set,"890,000",25,4,,7,,,,,9,1,,4,,
BX1788Z,Điều khiển TV vui nhộn,"490,000",2,,,2,,,,,,,,,,
BX1929Z,Bộ lặn cướp biển B.toys,"429,000",3,3,,,,,,,,,,,,
BX1977C1Z,Bộ nhạc cụ dàn nhạc Giao hưởng B.toys,"2,749,000",3,1,,,,,,,,,,1,1,
BX1986Z,Đàn ghita Cún cưng mini B.toys ,"549,000",26,6,,6,,,,,,,,14,,
BX1995Z,Xe đồ chơi WHEEE-LS B.Toys,"890,000",28,7,,5,,,,,16,,,,,
BX2004G,Đàn organ con Mèo mini B.toys,"549,000",15,6,,5,,,,,4,,,,,
BX2007,Điều khiển TV vui nhộn,"490,000",7,,,7,,,,,,,,,,
BX2063Z,Hộp trò chơi ú òa thời tiết vui nhộn,"590,000",3,2,,1,,,,,,,,,,
BX2089Z,Bộ tháp vòng và gạch mềm,"690,000",7,3,,4,,,,,,,,,,
BX2201Z,Xe bus trường học thông minh ,"890,000",9,4,,3,,,,,2,,,,,
LO31030Z,LORI Aveline Riding Doll,"459,000",1,,,,,,,,,,,1,,
LO31041Z,LORI Evan Riding Doll,"459,000",21,2,,2,,,,,,8,,8,1,
LO31075Z,LORI Adley Doll,"459,000",59,3,,3,,,,,,26,,27,,
LO31102Z,LORI Sabella Urban Doll,"459,000",56,8,,4,,,,,,21,,23,,
LO31103Z,LORI Kaori Riding Doll,"459,000",39,5,,1,,,,,,22,,10,1,
LO31107Z,LORI Savana Doll W/ Overall Dress,"459,000",6,1,,,,,,,,2,,3,,
LO31108Z,LORI Ensley Doll W/ Dress & Purse,"459,000",4,1,,,,,,,,2,,1,,
LO31109Z,LORI Saffron Doll W/ Lace Pants,"459,000",17,1,,,,,,,,10,,3,3,
LO31112Z,LORI Aurie Doll -  Stewardess,"459,000",41,2,,1,,,,,,27,,3,8,
LO31113Z,LORI Rosalind Doll- Dog Walker,"459,000",27,1,,,,,,,,12,,14,,
LO31116Z,LORI January Riding Doll W Vest,"459,000",2,2,,,,,,,,,,,,
LO31132Z,LORI Joanna Doll -  PiLORIt,"459,000",75,5,,2,,,,,,53,,13,2,
WH1000Z,Driven dump truck,"1,549,000",1,,,,,,,,,,,1,,
WH1012Z,Xe ủi nhỏ Driven,"429,000",43,7,9,18,,,,,,3,,6,,
WH1015Z,Xe lu nhỏ Driven,"429,000",32,4,7,13,,,,,,3,,5,,
WH1016Z,Xe nâng nhỏ Driven,"429,000",8,3,,5,,,,,,,,,,
WH1020Z,Driven tow truck,"1,849,000",1,,,1,,,,,,,,,,
WH1022Z,Bộ xe cẩu xây dựng Driven,"990,000",5,5,,,,,,,,,,,,
WH1072,Máy bay trực thăng nhỏ Driven,"429,000",4,1,,2,,,,,,,,1,,
WH1077Z,Bộ sân bay Driven,"890,000",19,3,4,4,,,,,8,,,,,
WH1112Z,Bộ đường đua Stunt Jump,"449,000",9,2,,3,,,,,,,,4,,
WH1116Z,Bộ đường đua Drag Race (Lớn),"949,000",5,4,,1,,,,,,,,,,
WH1126Z,Xe cứu thương nhỏ Driven,"429,000",24,10,,9,,,,,5,,,,,
WH1134D,Xe rác điều khiển từ xa nhỏ Driven,"790,000",6,5,,,,,,,,1,,,,
WH1135Z,Xe xi măng điều khiển từ xa nhỏ Driven,"790,000",4,4,,,,,,,,,,,,
WH1143Z,Xe xúc lật điều khiển từ xa,"1,990,000",2,,1,1,,,,,,,,,,
WH1196Z,Máy bay trực thăng nhỏ Driven,"429,000",13,1,,9,,,,,,,,3,,
WH1209,Xe cảnh sát nhỏ Driven,"429,000",14,5,,5,,,,,4,,,,,
WH1210Z,Xe cứu hỏa nhỏ Driven,"429,000",69,11,6,13,,,,,35,,,4,,
WH1230Z,Bộ xe cẩu xây dựng Driven,"990,000",23,,3,7,,,,,8,,,5,,
BY079971_BL,Transformable Dinosaur_Blue,"149,000",11,,,,,,,11,,,,,,
BY079971_GR,Transformable Dinosaur_Green,"149,000",2,,,,,,,2,,,,,,
BY079972_BL,Transformable Dog_Blue,"149,000",17,,,,,,,17,,,,,,
BY079972_OR,Transformable Dog_Orange,"149,000",3,,,,,,,3,,,,,,
BY117810_BL,Transformable Lamborghini_Blue,"149,000",9,,,,,,,9,,,,,,
BY117810_OR,Transformable Lamborghini_Orange,"149,000",7,,,,,,,7,,,,,,
BY117811_OR,Transformable Land Rover_Orange,"149,000",7,,,,,,,7,,,,,,
BY117811_WH,Transformable Land Rover_Blue,"149,000",13,,,,,,,13,,,,,,
WD3606,Letter Guitar,"469,000",2,,,,,,,,,1,,1,,
WD3608,Mirror Learning Machine,"439,000",4,,,3,,,,,,,,,1,
WD3615,Dream Music 3615,"179,000",3,,,1,,,,,,1,,,1,
WD3627,Multifunctional Semi-circular Organ,"399,000",2,,,1,,,,,,1,,,,
WD3631,Music Saxophone,"219,000",1,,,1,,,,,,,,,,
WD3632,Music Guitar,"229,000",2,,,1,,,,,,,,1,,
WD3643,Music Camera,"219,000",8,,,,,,,,,1,,4,3,
WD3645,Multifunctional Pat Drum,"329,000",1,,,,,,,,,1,,,,
WD3649,Pull Snail Drum,"299,000",2,,,,,,,,,,,2,,
WD3662,Multifunction Learning Drum,"299,000",5,,,,,,,,,1,,3,1,
WD3663,Musical Drum,"269,000",1,,,1,,,,,,,,,,
WD3666,Big Jazz Drum,"999,000",1,,,,,,,,,1,,,,
WD3667,Music Jazz Drum,"239,000",2,,,,,,,,,1,,1,,
WD3686,Fabulous Microphone,"249,000",1,,,,,,,,,1,,,,
WD3698,Happy Animal Stack,"129,000",1,,,,,,,,,1,,,,
WD3719A,Sliding Tumbler_Dolphin,"119,000",14,,,6,,,,2,,1,,4,1,
WD3719B,Sliding Tumbler_Raccoon,"119,000",20,,,14,,,,4,,,,2,,
WD3719C,Sliding Tumbler_Rabbit,"119,000",3,,,2,,,,1,,,,,,
WD3719D,Sliding Tumbler_Cat,"119,000",27,,,16,,,,2,,,,6,3,
WD3740,Mini Steering,"279,000",1,,,,,,,,,1,,,,
AQB-30078,Bộ AQB_ Finding Dory,"649,000",19,4,2,,,,4,,,,,9,,
AQB-30088,Bộ AQB_ Finding Dory (cơ bản),"479,000",12,2,1,,,,,,,1,,8,,
AQB-30098,Bộ AQB_ Finding Dory và những người bạn,"349,000",11,3,,,,,2,,,5,,1,,
AQB-30118,Bộ AQB nhân vật Toy story,"349,000",43,,,4,,,,,29,10,,,,
AQB-30128,Hạt AQB_ Chủ đề Cars,"349,000",48,5,,2,,,,,,7,,34,,
AQB-30198,Bộ 3 xe hơi 3D Lightnin,"479,000",50,3,10,8,,,2,,,7,,20,,
AQB-30208,Bộ 3 xe hơi 3D Cruz Ram,"479,000",98,5,15,16,,,3,,5,15,,39,,
AQB-30528,MN Minion Playset,"649,000",2,,,,,,2,,,,,,,
AQB-30538,MN Minion Character Set,"349,000",3,,,,,,,,,3,,,,
AQB-31038,Bộ Hạt Nhựa Sáng Tạo AQB_ Chủ Đề Elegant,"159,000",64,3,,,,,,,,53,,8,,
AQB-31048,Bộ Hạt Nhựa Sáng Tạo AQB_Chủ Đề Đá Quý,"159,000",77,4,2,6,,,,,24,35,,6,,
AQB-31068,Bộ Hạt Nhựa Sáng Tạo AQB_ Chủ Đề Sylvanian Families,"159,000",4,1,,,,,,,,3,,,,
AQB-31078,Bộ Hạt Nhựa Sáng TạoAQB_ Chủ Đề Sở Thú,"159,000",33,5,,,,,15,,,9,,4,,
AQB-31088,Bộ Hạt Nhựa Sáng Tạo AQB_ Chủ Đề Vườn Hoa,"159,000",59,6,,5,,,12,,24,9,,3,,
AQB-31308,Bộ Hạt Nhựa Sáng Tạo AQB_Chủ Đề Disney Tsum Tsum,"349,000",1,,,,,,,,,1,,,,
AQB-31318,Bộ Hạt Nhựa Sáng Tạo AQB_ Công Chúa Elena,"289,000",2,,,,,,,,,2,,,,
AQB-31602,Hạt Aquabeads Ngôi sao (Refill) Chủ đề Những người bạn,"149,000",6,,,,,,,,,6,,,,
AQB-31603,Hạt Aquabeads Ngôi sao (Refill),"149,000",15,4,1,7,,,,,,3,,,,
AQB-32508,Hạt AQB màu đỏ (loại tròn),"139,000",329,6,1,1,,,4,,312,1,,4,,
AQB-32518,Hạt AQB màu cam (loại tròn),"139,000",400,5,,4,,,,,312,58,,21,,
AQB-32528,Hạt AQB màu vàng (loại tròn),"139,000",83,4,,12,,,12,,,41,,14,,
AQB-32538,Hạt AQB Màu Xanh Nhạt (Loại Tròn),"139,000",49,1,,12,,,11,,,3,,22,,
AQB-32548,Hạt AQB màu xanh lá (loại tròn),"139,000",472,5,1,11,,,7,,384,43,,21,,
AQB-32558,Hạt AQB màu xanh dương nhạt (loại tròn),"139,000",437,6,,7,,,17,,360,33,,14,,
AQB-32568,Hạt AQB màu xanh dương (loại tròn),"139,000",373,2,,14,,,15,,288,15,,39,,
AQB-32578,Hạt AQB màu tím (loại tròn),"139,000",321,3,,11,,,6,,264,8,,29,,
AQB-32588,Hạt AQB màu hồng (loại tròn),"139,000",257,7,,,,,16,,216,7,,11,,
AQB-32598,Hạt AQB Màu Nâu (Loại Tròn),"139,000",111,6,,22,,,,,,54,,29,,
AQB-32608,Hạt AQB Màu Nâu Nhạt (Loại Tròn),"139,000",212,6,,26,,,6,,120,22,,32,,
AQB-32618,Hạt AQB Màu Nâu Cam Nhạt (Loại Tròn),"139,000",99,5,,5,,,,,48,19,,22,,
AQB-32628,Hạt AQB màu vàng ngà (loại tròn),"139,000",440,3,,4,,,,,360,39,,34,,
AQB-32638,Hạt AQB màu trắng (loại tròn),"139,000",144,5,,,,,,,120,18,,1,,
AQB-32648,Hạt AQB Màu Xám (Loại Tròn),"139,000",6,3,,,,,,,,3,,,,
AQB-32658,Hạt AQB màu đen (loại tròn),"139,000",422,4,,,,,,,384,15,,19,,
AQB-32668,Hạt AQB màu đỏ (loại kim cương),"139,000",240,2,,9,,,4,,181,16,,28,,
AQB-32678,Hạt AQB màu cam (loại kim cương),"139,000",263,1,,7,,,25,,192,10,,28,,
AQB-32688,Hạt AQB màu vàng (loại kim cương),"139,000",301,7,,11,,,4,,240,15,,24,,
AQB-32698,Hạt AQB màu xanh lá (loại kim cương),"139,000",218,5,,5,,,,,168,13,,27,,
AQB-32708,Hạt AQB màu xanh dương (loại kim cương),"139,000",210,6,,6,,,,,168,21,,9,,
AQB-32718,Hạt AQB màu tím (loại kim cương),"139,000",279,2,,,,,3,,240,13,,18,,3
AQB-32728,Hạt AQB màu hồng (loại kim cương),"139,000",98,4,,,,,4,,72,9,,9,,
AQB-32738,Hạt AQB màu nâu (loại kim cương),"139,000",450,6,,17,,,21,,360,17,,29,,
AQB-79118,Bộ AQB _Bút cầu vồng,"599,000",3,,,,,,3,,,,,,,
AQB-79128,Bộ AQB _Vali Nghệ thuật,"1,029,000",4,,,,,,4,,,,,,,
AQB-79138,Hạt AQB_ Chủ đề Đại dương,"159,000",7,1,,,,,,,2,4,,,,
AQB-79148,Hạt AQB_ Chủ đề Bánh kẹo,"159,000",1,,,,,,,,,1,,,,
AQB-79158,Hạt AQB_ Chủ đề Trang sức,"159,000",6,,,,,,2,,,4,,,,
AQB-79168,Hạt AQB (loại tròn),"149,000",2,,,,,,1,,,1,,,,
AQB-79178,Hạt AQB (loại kim cương),"149,000",14,,,1,,,3,,,10,,,,
AQB-79188,Khay AQB (xếp hạt),"89,000",5,,,,,,,,4,,,,1,
AQB-79198,Bình AQB (phun nước),"89,000",102,14,,10,,,17,,,48,,13,,
AQB-79208,Bút AQB (lấy hạt)_Xanh,"89,000",34,,,,,,,,,34,,,,
AQB-79218,BP 3D Animal Set,"159,000",115,13,,4,,,,,48,30,,20,,
AQB-79238,Hạt AQB_Vòng đeo tay,"159,000",75,8,,8,,,21,,,14,,24,,
AQB-79248,Hạt AQB_ Chủ đề Sylvanian Families,"159,000",11,1,,,,,,,,10,,,,
AQB-79258,AQB Alpha Set,"159,000",158,10,,14,,,20,,48,45,,21,,
AQB-79268,Hình mẫu xếp hạt Aquabeads,"89,000",88,10,24,5,,,27,,6,16,,,,
AQB-79278,Dazzling Ring Set,"159,000",26,4,,5,,,4,,,13,,,,
AQB-79288,BP Crystal Charm Set,"159,000",48,8,,8,,,15,,,11,,6,,
AQB-79298,Hạt AQB_ Chủ đề Thú cưng,"159,000",73,10,,9,,,,,24,20,,10,,
AQB-79638,Hạt AQB_ Mega Bead (24 màu),"649,000",101,20,13,9,,,17,,36,6,,,,
AQB-79648,Khay mẫu AQB (xếp hạt),"89,000",108,12,,,,,24,,24,45,,3,,
AQB-79658,Bút AQB (lấy hạt)_Hồng,"89,000",378,13,,21,,,43,,168,84,,49,,
AQB-79668,Bộ AQB_Frozen,"649,000",1,,,,,,1,,,,,,,
AQB-79688,Bộ AQB_ Công chúa tuyết Frozen,"349,000",1,,,,,,,,,1,,,,
EP-1726,Telephone & Table,"79,000",1,,,,,,,1,,,,,,
EP-2022MKT,Lịch Sylvanian Families 2022,,72,,,,,,,72,,,,,,
EP-4018,Hedgehog Family,"559,000",25,,,13,,,,,,,,12,,
EP-4172,Walnut Squirrel Family,"619,000",1,,,1,,,,,,,,,,
EP-4870,Day at the Seaside,"699,000",2,,,2,,,,,,,,,,
EP-5029,Piano Set,"219,000",1,,,,,,,,,,,,1,
EP-5065,Walnut Squirrel Baby,"169,000",10,,,,,,,,,,,10,,
EP-5187,Bé cún vàng Labrador,"139,000",9,,,,,,,,,,,9,,
EP-5203,Baby Carry Case (Squirrel on Car),"189,000",1,,,,,,,,,,,,1,
EP-5231,Seaside Merry-Go-Round,"449,000",10,,,,,,,,,,,10,,
EP-5245,Boutique Gift Set A,"2,290,000",1,,,1,,,,,,,,,,
EP-5255,Sky Ride Adventure,"690,000",2,,,1,,,,,,,,,,1
EP-5264,Cake Decorating Set,"459,000",11,,,7,,,,,,,,4,,
EP-5311,Gia đình Nhím (Bố/mẹ/chị),"499,000",18,,,14,,,,,,,,4,,
EP-5321,Baby Band Series,"109,000",22,,,14,,,,,,,,,,8
EP-5450,Ngôi nhà trên cây,"1,190,000",3,,,3,,,,,,,,,,
EP-6005,Light up Street Lamp,"249,000",25,,,,,,,,,,,25,,
EP-6011,Grand Piano Concert Set,"629,000",13,,,9,,,,,,1,,3,,
EP-6013,Boutique Fashion Set,"449,000",19,,,12,,,,,,3,,4,,
EP-6015,Fashion Showcase Set,"239,000",17,,,2,,,,,,,,15,,
EP-6019,Dress up Set (Navy & Light Blue),"279,000",10,,,2,,,,,,1,,7,,
EP-6020,Dress up Set (Purple & Pink),"279,000",2,,,,,,,,,,,2,,
EP-6021,Dress up Set (Blue & Green),"279,000",8,,,6,,,,,,,,2,,
EP-95146,Mô hình Thỏ 90cm,"8,990,000",6,,,,,,,,6,,,,,
EP-98189,Đồ chơi 17 SF Cake shop novelty,,77,,,47,,,,,,30,,,,
EP-98218,Đồ chơi 17SF Dress pink,,16,,,,,,,,,14,,2,,
EP-98866,Fe 30Cm Chocolate Rabbit,"1,290,000",9,,,9,,,,,,,,,,
GM-05608,Don-Ketsu Game (Hip Pushing),"260,000",3,,,,,,,,,,,3,,
GM-06119,Ice Cream Tower Minions,"410,000",2,,,1,,,,,,,,,1,
FT-41859,Cable Railway,"1,290,000",2,,,2,,,,,,,,,,
FT-511929,Little Starter,"740,000",10,1,,4,,,,,,,,5,,
FT-511930,Jumbo Starter,"2,190,000",1,,,1,,,,,,,,,,
FT-520395,Bulldozer,"870,000",15,5,,,,,,,,1,,9,,
FT-520397,Tractors,"990,000",3,3,,,,,,,,,,,,
FT-536618,Universal Starter,"1,740,000",1,,,,,,,1,,,,,,
FT-540580,Racers,"460,000",2,2,,,,,,,,,,,,
FT-540581,Gliders,"460,000",31,6,,9,,,,,,,,16,,
HL3116B,Xe chuyên dụng,"79,000",3,,,,,,,,,,,3,,
HL356A,Xe kéo thả trái cây,"59,000",4,,,,,,,,,,,4,,
HL356C,Xe kéo thả chuyên nghiệp,"59,000",5,,,,,,,,,,,5,,
HL519,Ốc sên vui vẻ,"49,000",6,,,,,,,,,,,5,,1
HL529,Chú rùa tinh nghịch,"49,000",5,,,,,,,,,,,5,,
HL537,Nàng tiên cá,"59,000",4,,,,,,,,,,,4,,
HL549,Cá bơi tung tăng,"49,000",102,,,1,,,,,,,,99,,2
HL568,Khủng Long Nhỏ Đáng Yêu,"49,000",4,,,,,,,,,,,4,,
HL578,Sóc con nghịch ngợm,"49,000",3,,,,,,,,,,,3,,
HL582,Khỉ con nghịch ngợm,"49,000",80,,,7,6,,,2,18,,,46,,1
HL583,Ngựa con vui vẻ,"49,000",485,,,114,7,,,,104,,,255,,5
HL587,Ngỗng mẹ vui vẻ,"59,000",17,,,5,,,,5,,,,7,,
HL589,Mèo cưng,"49,000",4,,,,,,,,,,,4,,
HL599,Cún cưng dễ thương,"49,000",10,,,,,,,,,,,10,,
HD-55003,Bakery Shop Blocks 33pcs,"259,000",2,1,,,,,,,,,,,1,
HD-55006,Joyful Farm Blocks 48pcs,"549,000",2,2,,,,,,,,,,,,
HD-55011,Bộ lắp ráp Kỳ nghỉ làng quê (146 miếng),"1,290,000",2,1,,1,,,,,,,,,,
HD-55012,Bộ lắp ráp Lâu đài (101 miếng),"990,000",12,3,,5,,,,,,,,4,,
HD-55013,Bộ lắp ráp Lớp học của bé (77 miếng),"799,000",28,6,,17,,,,,,5,,,,
HD-66001,Dream Ice Cream blocks 30pcs,"189,000",2,,,2,,,,,,,,,,
HD-66002,Candy Cake Blocks 65pcs,"439,000",1,,,,,,,,,1,,,,
HD-66003,Brilliant Turn of Music Blocks 49pcs,"599,000",1,,,,,,,1,,,,,,
HD-66004,My ice cream shop colorful gift,"900,000",2,,,,,,1,,,1,,,,
HD-77002B,Pier Work Team Blocks 19pcs,"229,000",21,,,,,,,,18,3,,,,
HD-77002C,Joyful Service Area Blocks 20pcs,"229,000",19,,,4,,,,,11,3,,,1,
HD-77006,Interesting Airport Blocks 88pcs,"999,000",3,3,,,,,,,,,,,,
HD-88004,My racing car waving slide,"1,900,000",1,,,,,,,,,1,,,,
HD-99001,Ocean view villa,"719,000",1,,,,,,,,,1,,,,
HD-99002,Adventure track castle,"900,000",1,,,,,,,,,1,,,,
HD-99003,Jungle explorative slide,"1,149,000",1,,,,,,,,,1,,,,
G3001L,Bộ trống điện tử Model G3001L,"1,490,000",1,,,,,,,,,,,1,,
G3002-GRE,7 Pads Hand Roll Drum (Without Speaker) (Green),"1,190,000",4,,,,,,,,,3,,,,1
G3002-WHI,7 Pads Hand Roll Drum (Without Speaker) (White),"1,190,000",5,,,,,,,,,5,,,,
G3009L,Bộ trống điện tử Model  G3009L,"2,149,000",1,,,,,,,,,,,1,,
N2049,49 Keys Bluetooth Roll Up Piano,"1,490,000",4,,,4,,,,,,,,,,
S2018-RED,61 Keys Roll Up Piano With Midi Port (Red),"1,749,000",9,,,6,,,,,,,,2,,1
S2037,37 Keys Roll Up Piano For Kids,"759,000",6,,,,,,,,,,,6,,
S2037C,Đàn cuộn điện tử 37 phím thu âm Model S3037 ,"759,000",2,,,1,,,,,,,,1,,
S3037,Đàn cuộn điện tử 37 phím thu âm Model S3037 ,"990,000",2,,,,,,,,,,,1,1,
S3037C,Đàn cuộn điện tử cầu vồng 37 phím thu âm Model S3037C,"990,000",1,,,,,,,,,,,,1,
S3061,Đàn cuộn điện tử 61 phím Model S3061,"1,749,000",2,,,1,,,,,,,,,1,
RB-8839,Móc khóa Rubik's 3x3,"249,000",35,2,,23,10,,,,,,,,,
RB-8840,Rubik's 3x3,"349,000",325,30,,27,12,2,,,195,,,59,,
RB-8841,Rubik's 4x4,"649,000",7,,,,6,,,1,,,,,,
RB-8843,Rubik's 5x5,"749,000",2,,,,2,,,,,,,,,
101119_BLA,Fashion colour Bracelet Kit- 13 pcs,"89,000",899,,,82,,,,4,108,346,,359,,
101119_BLU,Rainbow color Bracelet Kit- 13 pcs,"89,000",616,,,48,,,,15,,235,,318,,
101119_PIN,Pastel colour Bracelet Kit- 13 pcs,"89,000",193,,,,,,,11,,23,,159,,
101120_BLA,Fashion colour Necklace Kit- 25 pcs,"149,000","1,152",,5,17,6,,70,,400,386,,268,,
101120_BLU,Rainbow colour Necklace Kit- 25 pcs,"149,000","1,108",,,14,3,,,,364,488,,239,,
101120_PIN,Pastel colour Necklace Kit- 25 pcs,"149,000",688,,,14,2,,,,124,364,,184,,
101121,Maker Kit- 50 pcs,"349,000",658,,,19,,,,1,79,351,,208,,
101122,Maker Kit- 100 pcs,"599,000",98,,,2,,,,,,31,,65,,
MAG-701003,Bộ cơ bản 14 mảnh,"690,000",218,4,8,23,7,,3,,165,,,8,,
MAG-701004,Magformers 26 Set,"1,190,000",2,1,,,1,,,,,,,,,
MAG-701005,Bộ cơ bản 30 mảnh,"1,290,000",227,6,10,11,3,,5,,184,,,8,,
MAG-701007,Bộ cơ bản 62 mảnh,"1,990,000",110,6,6,16,6,1,4,,67,,,4,,
MAG-701009,Pentagon 12 Set,"690,000",1,1,,,,,,,,,,,,
MAG-701013,Bộ cơ bản 40 mảnh,"1,590,000",11,,3,3,5,,,,,,,,,
MAG-701014,Bộ cơ bản 90 mảnh,"3,490,000",34,6,5,6,4,,4,1,4,,,4,,
MAG-701015,Bộ cơ bản 42 mảnh,"1,690,000",120,,,,,,,,120,,,,,
MAG-703002,Bộ Thiết Kế Sáng Tạo 62 Mảnh,"1,990,000",59,,,,,,,,59,,,,,
MAG-703015,Bộ thám hiểm bầu trời 28 mảnh,"990,000",1,,,1,,,,,,,,,,
MAG-703016,Bộ Công Viên Trò Chơi Mạo Hiểm Mở Rộng 48 Mảnh,"1,990,000",18,1,3,10,2,,,2,,,,,,
MAG-703019,Bộ Vòng Quay Bí Ẩn 40 Mảnh,"1,990,000",55,6,3,4,3,,4,,35,,,,,
MAG-705003,Build Up Set 50P,"1,490,000",1,,,1,,,,,,,,,,
MAG-705009,Bộ Ngôi nhà của Maggy 33 mảnh,"990,000",1,,1,,,,,,,,,,,
MAG-705011,Bộ Lâu đài của Milo 33 mảnh,"990,000",1,,,1,,,,,,,,,,
MAG-705016,Bộ cắm trại thám hiểm 40 mảnh,"990,000",2,,,2,,,,,,,,,,
MAG-706005,Bộ Neon 14 mảnh,"790,000",9,,3,6,,,,,,,,,,
MAG-706006,Bộ Neon 30 mảnh,"1,490,000",12,,3,9,,,,,,,,,,
MAG-707020,Bộ Siêu Xe Biến Hình Mở Rộng 18 Mảnh,"1,190,000",1,,,1,,,,,,,,,,
MAG-707021,Bộ Xe Đua Biến Hình 42 Mảnh,"1,990,000",49,2,3,6,4,,4,,28,,,2,,
MAG-707022,Bộ Xe Đua Kart Rally (Kèm Nhân Vật) Magformers,"590,000",70,11,9,14,3,,5,,28,,,,,
MAG-707023,Bộ Xe Thám Hiểm Jungle Rally (Kèm Nhân Vật) Magformers,"590,000",84,10,11,11,4,,6,,42,,,,,
MAG-707024,Bộ Bánh Xe Khổng Lồ 20 Mảnh,"1,190,000",92,4,11,10,4,,6,,48,,,9,,
MAG-710016,Bộ Kỳ Quan Sáng Tạo 121 Mảnh,"3,490,000",17,2,1,2,2,,1,,5,,,4,,
MAG-710019,Bộ Siêu Xếp Hình Nam Châm Magformers 162 Mảnh,"3,990,000",27,4,4,4,3,,1,,11,,,,,
MAG-715004,Figure Plus Boy Set 6P,"390,000",3,,1,,,,,2,,,,,,
MAG-715005,Figure Plus Girl Set 6P,"390,000",2,,,,,,,2,,,,,,
MAG-715006,Figure Plus Princess Set 6P,"390,000",1,,,,,,,1,,,,,,
MAG-715007,Figure Plus Alien Set 6P,"390,000",1,,,,,,,1,,,,,,
MAG-715008,Figure Plus Construction Set 6P,"390,000",3,,,,,,,3,,,,,,
MAG-715013,Bộ mở rộng 14 mảnh,"690,000",162,17,8,8,2,,5,,111,,,11,,
MAG-715015,Bộ mở rộng 30 mảnh,"1,290,000",144,1,9,13,4,,6,,101,,,10,,
MAG-715018,Con Quay Thông Minh Magformers,"490,000",29,5,6,6,4,,,1,,,,7,,
MAG-715019,Bộ thử thách 14 mảnh,"690,000",89,12,6,10,2,,6,,48,,,5,,
MAG-715020,Bộ thử thách 30 mảnh,"1,290,000",96,4,9,9,4,,6,,54,,,10,,
MAG-717002,Bộ Cảnh sát siêu đẳng 50 mảnh,"1,499,000",2,,1,,,,,,,,,,1,
MAG-717010,Bộ Xe buýt thành phố 16 mảnh,"990,000",11,2,2,4,3,,,,,,,,,
MAG-799016,Bộ hình học 20 mảnh,"990,000",3,,,3,,,,,,,,,,
MAG-799017,Bộ hình học 33 mảnh,"1,390,000",5,,,5,,,,,,,,,,
STI-901001,Bộ cơ bản 10 mảnh,"349,000",1,,,1,,,,,,,,,,
STI-902002,Bộ Những người bạn 16 mảnh,"590,000",1,,,,,,,,,,,,1,
STI-902003,Bộ Phương tiện giao thông 16 mảnh,"590,000",2,1,,1,,,,,,,,,,
STI-902005,Bộ Nhập vai 26 mảnh,"890,000",2,,,2,,,,,,,,,,
OP-30002.13,Ba lô hình ốc sên Oops,"499,000",2,1,,1,,,,,,,,,,
OP-30002.23,Ba lô hình rùa Oops,"499,000",2,1,,,,,,,,1,,,,
OP-30002.31,Ba lô hình con chuồn chuồn Oops.,"499,000",4,4,,,,,,,,,,,,
OP-30002.32,Ba lô hình chim Oops,"499,000",6,,,2,,,,,,4,,,,
OP-30002.35,Ba lô hình con ong Oops,"499,000",31,7,,3,,,,,20,1,,,,
OP-30009.22,Ba lô oval hình chú cún Oops,"499,000",5,1,,1,,,,,,3,,,,
OP-30009.24Z,Ba lô oval hình nhím Oops,"499,000",1,,,,,,,,,1,,,,
OP-30009.32,Ba lô oval hình chú chim Oops,"499,000",25,2,,1,,,,,,13,,8,,1
OP-30009.33,Ba lô oval hình bọ rùa Oops,"499,000",1,,,1,,,,,,,,,,
OP-30010.33,Túi xách Oval hình bọ rùa Oops,"349,000",41,4,,3,,,,,21,10,,3,,
OP-30014.14,Ba lô 3D hình chim công Oops,"399,000",1,,,1,,,,,,,,,,
OP-31006.20,Túi xách 3D hình chó mèo Oops,"299,000",29,,,5,,,5,,14,3,,2,,
OP-31006.32,Túi xách 3D hình chú chim Oops,"299,000",19,3,,1,1,,,,,9,,5,,
OP-31006.35,Túi xách 3D hình chú ong Oops,"299,000",1,1,,,,,,,,,,,,
OP-31007.11,Vali kéo hình gấu Oops,"899,000",14,2,,3,,,,,3,4,,2,,
OP-31007.12,Vali kéo hình chim cú Oops,"899,000",12,3,,3,,,,,3,2,,1,,
OP-31007.33,Vali kéo hình bọ rùa Oops,"899,000",19,3,,2,,,,,,7,,7,,
PL4128,Princess And Magic Fairy Duo Pack,"199,000",4,,,4,,,,,,,,,,
PL5167,Nhà Búp Bê Xách Tay,"1,290,000",1,,,1,,,,,,,,,,
PL5386,Kim tự tháp Ai Cập,"2,490,000",14,1,5,3,1,,,,2,,,2,,
PL6921,Trực thăng cảnh sát với đèn LED,"1,190,000",3,,2,1,,,,,,,,,,
PL6923,Xe máy cảnh sát với đèn LED,"559,000",7,6,,1,,,,,,,,,,
PL70051,Xe máy cứu hộ khẩn cấp,"549,000",56,11,11,19,2,,,,13,,,,,
PL70140,Tàu cứu hộ & biệt đội cứu hỏa trên biển ,"2,190,000",17,2,4,4,1,,,,6,,,,,
PL70147,Thuyền cứu hỏa,"1,290,000",2,2,,,,,,,,,,,,
PL70151,Tàu hải tặc với động cơ dưới nước,"1,290,000",2,1,,,1,,,,,,,,,
PL70176,Volkswagen T1 Camping Bus,"1,490,000",6,1,,3,2,,,,,,,,,
PL70177,Volkswagen Beetle,"1,290,000",15,3,5,5,2,,,,,,,,,
PL70200,Xe tải rác,"1,690,000",26,3,3,11,2,,,,6,,,1,,
PL70202,Garage sửa chữa ô tô,"1,790,000",13,2,3,3,2,,,,3,,,,,
PL70204,Xe moto và người lái,"349,000",25,2,6,7,2,,,,,4,,4,,
PL70286,SCOOBY-DOO! Bộ máy bí ẩn,"1,790,000",18,4,1,6,,,,1,4,,,2,,
PL70287,SCOOBY-DOO! Scooby & Shaggy và hồn ma bí ẩn,"459,000",49,7,15,9,1,,,1,2,,,14,,
PL70361,SCOOBY-DOO! Cuộc phiêu lưu trong Dinh thự Bí ẩn,"3,490,000",1,,,1,,,,,,,,,,
PL70377,Nghệ sĩ biểu diễn đường phố,"149,000",26,5,7,10,4,,,,,,,,,
PL70378,Hiệp sĩ người lùn,"149,000",11,1,5,1,4,,,,,,,,,
PL70380,Vận động viên đua moto trẻ chuyên nghiệp,"149,000",8,1,,3,4,,,,,,,,,
PL70381,Đầu bếp bánh ngọt,"149,000",33,3,15,12,3,,,,,,,,,
PL70411,Tàu hải tặc Skull,"2,290,000",8,2,2,2,2,,,,,,,,,
PL70533,Máy bay chuyên cơ,"1,190,000",14,3,3,3,3,,,,2,,,,,
PL70537,Thủy cung,"1,890,000",7,1,2,2,2,,,,,,,,,
PL70548,Tàu Startrek Enterprise NCC-1701,"9,990,000",2,,1,1,,,,,,,,,,
PL70597,Thợ hàn,"149,000",23,3,9,7,4,,,,,,,,,
PL70598,Hải tặc trên bè,"149,000",23,4,7,8,4,,,,,,,,,
PL70600,Đặc vụ đặc biệt,"149,000",14,,5,6,3,,,,,,,,,
PL70677,Set phụ kiện cửa hàng thời trang ,"349,000",9,2,2,4,1,,,,,,,,,
PL70678,Set lặn biển chuyên nghiệp,"349,000",12,,6,6,,,,,,,,,,
PL70732,Blindpack nhân vật Playmobil Season 21 (Nam),"99,000",301,32,27,44,6,,,,192,,,,,
PL70733,Blindpack nhân vật Playmobil Season 21 (Nữ),"99,000",337,42,32,30,41,,,,192,,,,,
PL70764,Porsche 911 GT3 Cup,"1,990,000",12,3,3,3,3,,,,,,,,,
PL70765,Porsche Mission E,"2,490,000",4,2,,,2,,,,,,,,,
PL70769,Tàu chở hàng và ca nô,"3,490,000",4,1,1,1,1,,,,,,,,,
PL70770,Cần cẩu hàng và container,"2,490,000",4,1,1,1,1,,,,,,,,,
PL70771,Xe container,"2,290,000",10,2,2,4,2,,,,,,,,,
PL70772,Xe nâng hàng,"990,000",11,3,2,3,3,,,,,,,,,
PL70873,Người đàn ông và xe trượt điện ,"149,000",25,4,7,10,4,,,,,,,,,
PL70876,Đứa bé và quái vật gầm giường,"149,000",24,4,10,7,3,,,,,,,,,
PL70878,Chiến binh và báo đen,"149,000",21,5,5,7,4,,,,,,,,,
PL70879,Nhà vô địch quyền anh,"149,000",23,3,10,8,2,,,,,,,,,
PL70880,Sinh viên tốt nghiệp,"149,000",24,5,9,7,3,,,,,,,,,
PL70882,Nghệ sĩ DJ,"149,000",24,3,9,8,4,,,,,,,,,
PL70883,Người trông chó,"149,000",19,1,6,9,3,,,,,,,,,
PL70888,Xe thăm dò sao Hỏa,"1,990,000",36,2,4,3,1,,,,26,,,,,
PL70922,Mercedes-Benz 300 SL,"1,990,000",11,1,2,4,4,,,,,,,,,
PL70923,"Porsche 911 Carrera RS 2,7","1,990,000",19,3,4,6,2,,,,4,,,,,
PL70935,Phương tiện cứu hộ: Xe thang chữa cháy,"2,790,000",14,2,3,3,2,,,,4,,,,,
PL70985,Ngôi nhà xách tay,"1,290,000",4,,1,2,1,,,,,,,,,
PL71089,Tàu Startrek Klingon Ship,"5,990,000",2,,1,1,,,,,,,,,,
PL71120,Sân vận động bóng đá,"1,690,000",8,5,,,2,,,1,,,,,,
PL71122,Cầu thủ đội tuyển Ý,"199,000",2,2,,,,,,,,,,,,
PL71129,Cầu thủ đội tuyển Tây Ban Nha,"199,000",2,2,,,,,,,,,,,,
PL84654,Nhân viên cảnh sát cao 60cm,,10,1,,2,,,,,4,,,2,1,
PL84928,Bộ trưng bày Xe cộ thành phố,,4,1,,1,,,,,,,,2,,
PL87417,Bộ trưng bày SCOOBY-DOO! ,,1,,1,,,,,,,,,,,
PL87645,Đồ chơi mô hình trưng bày Porche,,2,,,,,,,,1,,,,1,
PL9266,Biệt thự hiện đại,"2,990,000",15,3,3,3,2,,,,4,,,,,
PL9268,Nội thất phòng tắm,"690,000",13,1,3,5,4,,,,,,,,,
PL9269,Nội thất phòng bếp,"690,000",6,3,,1,2,,,,,,,,,
PL9271,Nội thất phòng ngủ,"590,000",13,3,5,2,3,,,,,,,,,
PL9463,Xe thang cứu hỏa,"2,390,000",1,1,,,,,,,,,,,,
PL9467,Pháo nước chữa cháy,"479,000",20,1,,11,3,,,,2,2,,1,,
PL9468,Lính cứu hỏa với máy bơm nước,"689,000",35,12,1,18,4,,,,,,,,,
PL9487,Trạm vũ trụ Sao Hỏa,"2,490,000",10,2,3,4,1,,,,,,,,,
PL9488,Phi thuyền vũ trụ sao Hỏa,"2,490,000",31,2,4,4,1,,,,18,,,2,,
PL9489,Xe nghiên cứu Sao Hỏa,"1,290,000",6,1,2,3,,,,,,,,,,
PL9491,Thiết bị thám hiểm Sao Hỏa,"349,000",3,,,1,2,,,,,,,,,
POS 002,Kệ trưng bày đồ chơi trí tuệ IQ,,5,1,,1,1,,,,,,,2,,
SG 021,Cô bé quàng khăn đỏ,"690,000",1,,,,,,,1,,,,,,
SG 024,Công Chúa Bạch Tuyết,"690,000",102,7,13,25,9,,5,2,34,,,7,,
SG 090,Mật mã màu sắc,"590,000",1,,,,,,,1,,,,,,
SG 093,Thử thách Diamond Quest,"590,000",64,15,19,11,11,1,,,,,,6,1,
SG 094,Thử thách Đại chiến Tàu hải tặc,"590,000",1,,,,,,,,,,,,1,
SG 098,Thử thách Đảo kho báu,"590,000",192,9,19,20,7,1,6,,114,,,16,,
SG 099,Nhảy Qua Nào (Bản đặc biệt),"590,000",97,9,15,13,7,,6,1,28,,,18,,
SG 155,Chim Cánh Cụt Trên Băng,"590,000",1,,,,,,,1,,,,,,
SG 282,Hòn đảo khủng long huyền bí,"590,000",1,,,,,,,1,,,,,,
SG 301,Thử thách IQ Digits,"329,000",290,24,30,32,23,4,8,1,127,,,41,,
SG 302,Thử thách IQ Love,"329,000",148,10,26,44,16,1,,,,,,50,1,
SG 304,Thử thách IQ Stixx,"329,000",1,,,,,,,,,,,,1,
SG 306,Thử thách IQ Twins,"279,000",374,32,36,63,20,,11,,162,,,50,,
SG 401,Thử thách IQ Mini,"149,000",932,30,46,100,45,,22,,648,,,41,,
SG 412,Ghép hình lập phương,"399,000",6,4,,1,,,,1,,,,,,
SG 413,Ghép hình lập phương Pro,"399,000",1,,,,,,,1,,,,,,
SG 421,Nhảy qua nào,"399,000",1,,,,,,,1,,,,,,
SG 422,Thử thách IQ Focus,"279,000",4,,,,,,,1,,,,,2,1
SG 423,Thử thách IQ hạt tròn,"279,000",584,71,37,101,23,5,11,,269,,,67,,
SG 424,Thử thách IQ Arrows,"279,000",3,,,,,,,,,,,,2,1
SG 425,Sóc lăn hạt,"449,000",174,6,19,17,4,,5,1,109,,,13,,
SG 445,Thử thách Quả táo xoắn não,"399,000",3,,,,,,,1,,,,,2,
SG 450,Thử Thách Những Chú Mèo và Hộp,"449,000",206,9,18,11,6,,6,,142,,,14,,
SG 455,Thử thách IQ Pro,"279,000",289,18,35,30,42,7,8,,120,,,29,,
SG 466,Thử thách IQ Blox,"279,000",1,,,1,,,,,,,,,,
SG 467,Thử thách IQ Circuit,"279,000",276,21,36,31,10,2,10,,154,,,11,1,
SG 477,Thử thách IQ Link,"279,000",15,8,,,2,,,,,,,5,,
SG 479,Thử thách IQ Six Pro,"279,000",100,23,23,8,25,7,,,,,,14,,
SG 488,Thử thách IQ Twist,"279,000",4,,,2,,1,,1,,,,,,
SG 531,Thử thách Bánh Xe Rừng Xanh,"590,000",186,8,7,28,5,,6,,114,,,18,,
SGM 505,Vương Quốc Rồng,"590,000",1,,,,,,,1,,,,,,
SGM 506,Thử Thách Tập Hợp Chim Cánh Cụt,"590,000",334,16,19,24,11,,6,,240,,,18,,
SGT 240-8,Tàu Noah,"249,000",7,,,2,5,,,,,,,,,
SMX 223,My first Dinosaurs 14 mảnh,"690,000",1,,,1,,,,,,,,,,
SMX 530,Roboflex Create Medium 12 mảnh,"990,000",1,,,1,,,,,,,,,,
SMX 531,Roboflex Create Large 20 mảnh,"1,290,000",1,,,1,,,,,,,,,,
SMX 600,Mega ball run play 71 mảnh,"2,990,000",1,,,1,,,,,,,,,,
POP-005/2018,Moncolle Pikachu,,30,,,8,,,,3,,,,19,,
POP-008/2016,Túi đựng sàn đấu BBB,,139,5,,85,,,,,,,,49,,
POP-017/2017,8956688 H: King Penguin And Pulley Set,,144,,,8,,,,,,106,,30,,
POP-020/2018,Đồ chơi Licca dress,,3,,,3,,,,,,,,,,
POP-030/2018,Tomica Mini Display Case,"459,000","2,149",8,,7,1,,,,"1,916",116,,97,3,1
POP-034/2017,Găng Tay Beyblade,,28,,,24,,,,,,,,1,3,
POP-035/2017,Vòng Đeo Tay Beyblade,,96,,,94,,,,,,,,,2,
TM-103486,B-111 Random Booster Vol 10,"229,000",1,,,1,,,,,,,,,,
TM-104957,4D 01 Nissan GT-R Red,"379,000",2,,,,2,,,,,,,,,
TM-107439,IR Transform Fire Station (1st Edition),"1,590,000",1,,,,,,,,,,,,1,
TM-107446,Tomica Build City Shop In Your Town Vietnam Funny Land,"199,000",847,8,,4,4,,,,723,100,,4,4,
TM-108108,R-03 Curve Rail,"180,000",39,,,2,,,,,,37,,,,
TM-108160,Aqua Curl Misaki,"999,000",10,,,5,,,,,,,,5,,
TM-108177,Aqua Curl Mist Dresser,"1,390,000",1,,,,,,,,,,,,1,
TM-110699,Princess Room,"1,299,000",2,,,2,,,,,,,,,,
TM-111207,R-12 Loop Point Rail,"140,000",2,,,,,,,,,2,,,,
TM-112617,R-09 CURVE RAIL - DOUBLE TRACK,"120,000",10,,,,,,,,,10,,,,
TM-112907,R-14 Crossing Point Rail,"120,000",231,3,,18,,,,,,,210,,,
TM-113287,Jurassic World Indoraptor,"199,000",1,,,,,,,,,,,,1,
TM-113294,Jurassic World Stygimoloch,"199,000",1,,,,,,,,,,,,1,
TM-113317,Lets Explore Jurassic World,"1,490,000",1,,,,,,,,,,,,1,
TM-113508,R-16 Auto Point Track,"198,000",1,,,1,,,,,,,,,,
TM-113881,Hello Pikachu,"579,000",3,,,1,,,,,,,,,2,
TM-114017,Bộ mô hình xe Tomica khủng long,"599,000",9,2,,4,,,,,,3,,,,
TM-115687,DM-14 Disney Motors CUBIT ,"180,000",1,,,,,,,,,,,,1,
TM-115755,DM Jewelryway LuluuTruckMinnie,"180,000",1,,,,,,,,,,,,1,
TM-115762,DM Jewelryway Ribonet Daisy,"180,000",2,,,,,,,,,,,,2,
TM-116486,Metacolle Minions Mel,"279,000",24,15,,7,,,,,,,,,2,
TM-116493,Metacolle Minions Prison Clothes No.301,"279,000",4,2,,,,,,,,,,,2,
TM-116523,Metacolle Minions Prison Clothes No.603,"279,000",12,6,,1,,,,,,,,2,3,
TM-117964,Phụ Kiện Licca Sushi Shop,"360,000",31,,,7,,,,,,6,,18,,
TM-118060,LW-18 Shining Party,"290,000",1,,,,,,,,,,,1,,
TM-119524,AS-34 Rabbit,"99,000",1,,,,,,,,,,,,1,
TM-119531,E7 KAGAYAKI BASIC RAIL SET WITH LIGHT,"1,179,000",1,,,,,,,,,1,,,,
TM-121756AS,Asia New Year Ania-Pig,"99,000",102,2,,2,,,,,,,,98,,
TM-123903,Bộ con quay Beyblade Burst BBG-21 ,"1,990,000",1,1,,,,,,,,,,,,
TM-128106,DM-20 DREAM STAR2 Buzz,"180,000",9,4,,,,,,,,,,5,,
TM-128830,Đầm Licca công chúa cầu vồng,"549,000",13,,,,,,,,,7,,6,,
TM-128847,Đầm Licca công chúa đại dương,"549,000",17,,,,,,,,,7,,10,,
TM-128878,Búp bê Licca công chúa váy hoa,"949,000",3,,,,,,,,,3,,,,
TM-128892, LF-07 Bộ giường ngủ công chúa Licca,"990,000",6,,,1,,,,,,,,5,,
TM-128908, LF-08 Bộ ghế sofa công chúa Licca,"449,000",29,,,8,,,,,,10,,11,,
TM-129226,LW-16 Mermaid Resort,"489,000",12,,,4,,,,,,6,,2,,
TM-130567,LF-04 Xe gia đình búp bê Licca,"579,000",14,,,7,,,,,,,,7,,
TM-130871,Tomica 4D Toyota 86Gr Gazoo,"379,000",1,,,,,,,,,,,,1,
TM-132202,Bộ Tomica công trường Korokoro,"799,000",3,,,,,,,1,,,,,2,
TM-132882,Ngôi nhà bạn bè Ania,"990,000",1,,,,,,,,,,,,1,
TM-132899,Khu vườn bạn bè Ania,"990,000",17,3,,10,,,,,,3,,,1,
TM-133025,No.078-12 No. 78 SPX20 (box),"89,000",1,,,,,,,,,,,,1,
TM-133148,TS4 DM ChimChim Forky,"180,000",4,,,,,,,,,,,,4,
TM-133629,TS4 Grand Carry Buzz & Woody,"799,000",1,,,,,,,,,1,,,,
TM-133810,ANIA Jurassic World  D,"199,000",1,,,,,,,,,,,,1,
TM-134718,Xe Tomica Pals Woody,"429,000",2,,,2,,,,,,,,,,
TM-134725,Xe Tomica Pals Buzz,"429,000",11,,,6,5,,,,,,,,,
TM-136057,LW-10 Đầm Licca màu hồng,"360,000",22,,,6,,,,,,6,,9,1,
TM-136064,LW-11 Trang phục chơi Tennis,"360,000",10,,,,,,,,,5,,5,,
TM-136088,LD-05 Búp bê Licca cô dâu ,"699,000",1,,,,,,,,,1,,,,
TM-136736,Tàu hỏa Plarail First reprinted,"799,000",1,,,1,,,,,,,,,,
TM-136767,Tomica 4D Nissan Gt-R,"379,000",5,3,,1,1,,,,,,,,,
TM-139584,Xe buýt sư tử Let's Go,"699,000",7,1,,6,,,,,,,,,,
TM-139607,AS-13 Mô hình Báo săn mồi,"99,000",75,8,,49,,,,,,,,18,,
TM-140122,Black Mini T-Rex,,29,,,,,,,,,,,29,,
TM-140238,Frozen Flash Beat Anna 2019,"180,000",5,,,,1,,,,,,,,4,
TM-140245,Frozen Chim Chim Olaf,"180,000",1,,,,,,,,,,,,1,
TM-140283,Frozen Speed Way Elsa,"180,000",6,3,,1,1,,,,,,,,1,
TM-141372,Lw-13 Phụ Kiện Licca Trượt Băng,"449,000",11,,,6,,,,,,2,,3,,
TM-141419,Bộ Búp Bê Công Chúa Cao Cấp,"749,000",65,,,6,,,,,15,32,,12,,
TM-146544,Xe Tomica 4D Lamborghini Huracan (đỏ),"379,000",1,,,1,,,,,,,,,,
TM-147503,Bộ Búp Bê Hoàng Tử Đặc Biệt,"1,299,000",96,,,43,,,,1,18,32,,2,,
TM-148180,H: T-Rex Metalic Ver.,"199,000",24,7,,6,,,,,,,,11,,
TM-148647,Bộ trưng bày Pikachu,,192,,,,,,,,,,,192,,
TM-148784,Bộ Tomica Tower white box,,1,,,,,,,,,1,,,,
TM-150077,R-06 Sloping Rail,"140,000",9,,,9,,,,,,,,,,
TM-150251,Toystory Xe Tải Pizza Tomica,"649,000",3,1,,2,,,,,,,,,,
TM-301585,Đồ chơi R-28 Double Turnout,"180,000",80,,,18,,,,,,,62,,,
TM-301646,Tomica Circuit,"1,890,000",60,4,,6,2,,,,,3,39,6,,
TM-333395,58 Suzuki Wagon R,"89,000",16,8,,,2,,,,,1,,1,4,
TM-333432,28 Toyota iQ,"89,000",24,6,,7,2,,,,,1,,,8,
TM-333470,22 Nissan Note,"89,000",9,,,4,2,,,,,1,,,2,
TM-333692,20 Honda Insight,"89,000",4,,,,4,,,,,,,,,
TM-333814,89 Toyota Prius,"89,000",1,,,,,,,,,,,,,1
TM-335894,S-11 N700 w/Sound,"490,000",10,,,,,,,,,1,9,,,
TM-342830,E3 Tsubasa & E4 Max,"790,000",16,1,,2,,,,,,7,6,,,
TM-359333,117 Mitsubishi iMiEV,"89,000",6,,,,,,,,,2,,1,3,
TM-359579,61 Suzuki Alto,"89,000",40,4,,16,14,,,,,1,,,5,
TM-359623,12 Nissan March,"89,000",37,1,,22,6,,,,,,,1,7,
TM-359647,27 Nissan Juke,"89,000",3,,,,1,,,,,,,,2,
TM-369516,Color Change Dress B,"360,000",8,,,,,,,,,,,6,2,
TM-376194,S-41 Cassiopea,"390,000",1,,,,,,,,,,,,1,
TM-376217,D51 Mega Rail Set,"990,000",23,4,,4,,,,,,2,8,4,,1
TM-376262,DM-19 Dream Star,"160,000",24,,,,,,,,,,24,,,
TM-376286,DM NEW TOY BUZZ,"160,000",4,,,,,,,,,1,,,3,
TM-382966,81 Honda CR-Z,"89,000",1,,,1,,,,,,,,,,
TM-384489,S-29 C61 w/light,"420,000",1,,,,,,,,,1,,,,
TM-392330,92 Toyota Ractis,"89,000",25,,,13,6,,,,,,,,6,
TM-392460,120 Nissan Leaf SP,"89,000",32,5,,13,5,,,,,3,,1,5,
TM-392477,104 Toyota Vitz SP,"89,000",3,,,,1,,,,,,,,2,
TM-392484,120 Nissan Leaf,"89,000",8,2,,2,3,,,,,,,,1,
TM-392507,104 Toyota Vitz,"89,000",8,2,,1,3,,,,,,,,2,
TM-392606,32 Daihatsu Move,"89,000",119,24,,8,7,,,,,3,50,18,7,2
TM-392644,105 Suzuki MR Wagon,"89,000",17,3,,5,4,,,,,,,,5,
TM-392682,86 Toyota Prius Alfa,"89,000",3,,,1,,,,,,2,,,,
TM-392729,100 Honda Fit Shuttle,"89,000",2,,,,,,,,,1,,,1,
TM-393375,KF-01 C12 Locomotive,"240,000",2,,,,,,,,,2,,,,
TM-393429,KF-05 30A Container,"95,000",5,5,,,,,,,,,,,,
TM-393870,Happy Cordinate (24),"120,000",18,,,,,,,,,16,,2,,
TM-394808,Megaton Dump,"1,200,000",3,3,,,,,,,,,,,,
TM-396727,Techology TP-03 Sakura,"198,000",4,,,,,,,,,,,4,,
TM-396987,Princess Licca Ti Hon,"750,000",1,,,1,,,,,,,,,,
TM-397106,Deco Seal Dress (12),"160,000",25,,,10,,,,,,14,,1,,
TM-397618,07 Impreza WRX,"89,000",185,2,,2,3,,,,,,168,10,,
TM-397663,Đồ chơi TT-01 Tecology  Prius,"180,000",3,,,1,,,,,,,,,2,
TM-399957,Panda Family Gift Set,"449,000",22,5,,17,,,,,,,,,,
TM-402886,Big BS-01 E5 Hayabusa,"650,000",12,,,,,,,,,,,10,2,
TM-418306,S-06 E3 Tsubasa,"390,000",8,,,1,,,,,,,7,,,
TM-421320,Tomica Go! Go! Highway,"1,200,000",13,2,,4,1,,,,,1,,5,,
TM-423072,32 Daihatsu Move SP,"89,000",9,1,,3,1,,,,,2,,,2,
TM-423096,105 Suzuki MR Wagon SP,"89,000",8,1,,4,3,,,,,,,,,
TM-423102,86 Toyota Prius Alfa SP,"89,000",1,,,,,,,,,,,,1,
TM-424697,Big Train Base,"990,000",42,3,,2,,,,,,5,32,,,
TM-424727,Loader Rolling Bucket,"980,000",35,2,,4,1,,,,,2,24,2,,
TM-427155,AR-01 Stop Rail,"95,000",1,,,,,,,,,,,1,,
TM-427162,AR-02 Cross Point Rail,"95,000",1,,,,,,,,,,,1,,
TM-432982,Tomica Auto Car Port,"1,600,000",34,4,,6,2,,,,,5,12,4,1,
TM-434474,LW-07 Berry Denim,"360,000",8,,,,,,,,,,,8,,
TM-435730,Big BS-04 N700 Mizuho,"650,000",30,1,,4,,,,,,4,18,3,,
TM-436690,Techology TP-07 Nankai,"198,000",1,,,,,,,,,1,,,,
TM-436706,Techology TP-08 500,"198,000",3,,,1,,,,,,2,,,,
TM-436720,Techology TP-10 Railster,"198,000",4,,,3,,,,,,1,,,,
TM-439066,61 BMW Z4,"89,000",6,,,1,,,,,,5,,,,
TM-439073,61 BMW Z4,"89,000",99,1,,,,,,,,89,,9,,
TM-439080,103 Nissan Note,"89,000",7,2,,,1,,,,,1,,,3,
TM-439233,05 Chevrolet Corvette,"89,000",3,,,,,,,,,1,,,2,
TM-439257,82 Mazda CX-5,"89,000",1,,,,1,,,,,,,,,
TM-439271,117 Porshe 911 Carrira,"89,000",5,,,,,,,,,1,,,,4
TM-441748,E2 Yamabiko & E3 Komachi,"1,200,000",1,,,,,,,,,1,,,,
TM-449065,DM-12 Wagon Mickey,"160,000",37,8,,1,16,,,,,,,4,8,
TM-449126,LD-17 Grandmother,"750,000",8,,,1,,,,,,3,,4,,
TM-449720,Happy Cordinate (24),"120,000",8,,,,,,,,,6,,2,,
TM-449928,DM-01 Disney Motors,"160,000",5,,,,,,,,,,,,5,
TM-452461,Brush & Comb Set,"59,000",5,,,,,,,,,3,,2,,
TM-453253,Tecology Koko,"298,000",7,,,,,,,,,5,,2,,
TM-453260,Tecology Brewster,"298,000",1,,,,,,,,,1,,,,
TM-454199,DM-08 Warmn Donald,"160,000",2,,,,,,,,,1,,,1,
TM-454663,Shop Flower Set,"198,000",2,,,,,,,,,,,2,,
TM-457824,DM-03 Ragoom Stitchi,"160,000",42,,,,,,,,,,42,,,
TM-458722,CS-08 Mtambo,"398,000",1,,,,,,,,,1,,,,
TM-458791,Basic Set Brewster,"950,000",1,,,,,,,,,1,,,,
TM-463566,DM-15 Speedway Daisy,"160,000",172,11,,69,8,,,,,1,60,12,11,
TM-463573,DM-04 Chimchim Patrol,"160,000",3,,,,,,,,,,,1,2,
TM-466383,Dream Tomica Hello Kitty,"160,000",10,,,,8,,,,,,,,2,
TM-467342,92 Toyota Crown Athlete,"89,000",34,,,,,,,,,,34,,,
TM-467410,100 Lexus IS F Sport SP,"89,000",24,,,,,,,,,,24,,,
TM-467427,100 Lexus IS F Sport,"89,000",1,,,1,,,,,,,,,,
TM-467434,27 NISSAN NV350 CARAVAN,"89,000",1,,,,,,,,,,,,1,
TM-467458,10 Lotus Exige R-GT,"89,000",33,,,,,,,,,,33,,,
TM-470687,Big BS-02 E6 S.Komachi,"650,000",28,,,3,,,,,,6,18,1,,
TM-470700,Shinkansen Super Komachi Set,"1,190,000",9,4,,3,,,,,,1,,,1,
TM-470878,Big Dome Terminal Station,"1,590,000",60,1,,,,,,,,5,54,,,
TM-471042,12 Toyota Porte,"89,000",2,1,,,1,,,,,,,,,
TM-471097,Tomica Box No.58 Suzuki Wagon R,"89,000",41,8,,2,3,,,,,3,,13,12,
TM-471233,20 Honda N Box,"89,000",2,,,,,,,,,,,,2,
TM-472261,Đồ chơi 10 Lotus Exige R-GT SP,"89,000",354,3,,,22,,,,,23,306,,,
TM-472278,81 Honda N-One,"89,000",8,1,,1,2,,,,,,,,3,1
TM-472322,105 Nissan Skyline,"89,000",36,,,,,,,,,,35,,1,
TM-472353,60 Ford Mustang GT V8 SP,"89,000",1,,,,,,,,,,,,1,
TM-472391,64 Porsche Boxster,"89,000",1,,,,,,,,,,,,1,
TM-474784,Police Car Shoot Base,"790,000",33,4,,1,,,,,,4,24,,,
TM-480280,Chim Chim Mike,"160,000",4,,,,,,,,,,,,4,
TM-480297,Jolly float Suger rush,"160,000",1,,,,,,,,,,,1,,
TM-483847,DM-16 Dreamstar Racing,"160,000",1,,,,,,,,,,,,1,
TM-483854,DM-18 Corot Racing Pooh,"160,000",4,,,1,,,,,,,,,3,
TM-483878,DM-19 Tim Tim Donald,"160,000",2,,,,,,,,,,,,2,
TM-484615,Tomica Challenge Park,"890,000",26,6,,7,,,,,,1,12,,,
TM-487890,Playset Safari Park,"790,000",2,,,,,,,,,,,,2,
TM-491033,Adventure Map Zoo,"179,000",2,1,,1,,,,,,,,,,
TM-494072,Walooda Scorpion,"750,000",5,,,,,,,,,,,4,1,
TM-495918,DM-17 Speedway Racing,"160,000",3,,,,,,,,,,,,2,1
TM-496274,AL-02 Triceratops,"199,000",1,,,,,,,,,,,,1,
TM-496687,J-26 Curve Station,"240,000",3,3,,,,,,,,,,,,
TM-497127,DDR Mickey Loco,"559,000",16,3,,3,,,,,,2,6,2,,
TM-499046,Dream Snoopy Sister Belle,"160,000",1,,,,,,,,,,,,1,
TM-499138,Dream Speed Racer M5,"160,000",45,,,,,,,,,,45,,,
TM-595168,DM Jewelryway Ribonet Alice,"180,000",2,,,,,,,,,,,,2,
TM-595175,Dm Jewelryway Potiron Belle,"180,000",1,,,1,,,,,,,,,,
TM-613497,Metacolle Minions King Bob,"279,000",1,,,1,,,,,,,,,,
TM-615460,ANIA AS-11 Emperor Penguin (Floatable ver.),"99,000",3,,,2,,,,,,,,,,1
TM-615538,Oriental Zodiac(Boar),"99,000",502,4,,26,,,,,,350,,122,,
TM-615910AS,METACOLLE TF G1 Bumble,"279,000",133,7,,69,11,,,,,,,45,1,
TM-615927AS,METACOLLE TF G1 Megatron,"279,000",6,5,,,,,,,,,,,1,
TM-616818,4D 02 Nissan GT-R Black,"379,000",1,1,,,,,,,,,,,,
TM-616825,4D 03 Honda NSX Blue,"379,000",2,,,2,,,,,,,,,,
TM-616832,4D 04 Honda NSX White,"379,000",3,,,3,,,,,,,,,,
TM-616887,Tomica 4D Toyota 86Gr,"379,000",17,10,,5,2,,,,,,,,,
TM-617020,Bộ đường đua xe Tomica DX Go! Go!,"1,990,000",2,,,,,,,1,,,,,1,
TM-619451,LD-09 Shooting Star,"699,000",9,,,9,,,,,,,,,,
TM-627616,S-16 Yokosuka E217,"390,000",12,5,,1,,,,,,3,1,,2,
TM-635383,S-10 E4 Max,"390,000",1,,,,,,,,,1,,,,
TM-635420,S-09 E3 Akita Komachi,"390,000",2,,,1,,,,,,,,,1,
TM-644620,J-01 Tunnel,"140,000",3,3,,,,,,,,,,,,
TM-644682,J-23 Country Station,"120,000",1,,,,,,,,,,,,1,
TM-647232,S-43 Sound 231 kei,"490,000",3,2,,,,,,,,1,,,,
TM-652175,R-07 DOUBLE LENGTH STRAIGHT,"132,000",51,,,15,,,,,,,36,,,
TM-654872,R-21 Double-Size Curve,"120,000",19,,,19,,,,,,,,,,
TM-712961,Rubber Tyre (banh xe),"65,000",2,,,2,,,,,,,,,,
TM-733171,Đồ chơi Free Curve Rail Set,"398,000",54,7,,10,,,,,,,31,6,,
TM-733355,S-17 Jyushu Sonic 883,"390,000",23,3,,,,,,,,2,18,,,
TM-741367,117 Mitsubishi I,"89,000",2,,,,,,,,,2,,,,
TM-741664,S-07 E1 Max,"390,000",4,4,,,,,,,,,,,,
TM-741671,S-32 Yamanote,"390,000",2,2,,,,,,,,,,,,
TM-763994,J-02 Elastic Tunnel,"240,000",4,4,,,,,,,,,,,,
TM-798361,No.19-10 Suzuki Katana,"89,000",1,,,1,,,,,,,,,,
TM-798576,103-07 Mitsuoka Rock Star (Blue),"89,000",1,,,,,,,,,,,,1,
TM-798637,No.093-10 McLaren Speedtail,"120,000",1,,,,,,,,,,,,1,
TM-800248,01Toyota Avanza,"89,000",17,,,,17,,,,,,,,,
TM-801009,40 Nissan Fairlady Nismo,"89,000",8,,,,,,,,,,8,,,
TM-801078,120 Subaru BRZ,"89,000",1,,,,,,,,,,,,1,
TM-801092,21 Nissan X-Trail,"89,000",16,,,1,,,,,,,14,1,,
TM-801115,14 Formula Renault 3.5,"89,000",660,9,,14,43,,,,,30,549,15,,
TM-801122,14 Formula,"89,000",40,4,,,1,,,,,3,,30,2,
TM-801184,75 Suzuki Hustler,"89,000",2,,,1,,,,,,1,,,,
TM-801191,35 Toyota Noah,"89,000",1,,,,,,,,,1,,,,
TM-801207,35-6 Toyota Noah,"89,000",110,7,,27,5,,,,,29,,42,,
TM-801733,14 Formula Renault 3.5 SP,"89,000",596,9,,14,44,,,,,29,492,8,,
TM-802891,DM-15 Poppins Minnie,"160,000",14,10,,,,,,,,,,,4,
TM-802907,DM-13 Tim Tim Mickey,"160,000",2,,,,1,,,,,,,,1,
TM-803591,Dream Time Bokan,"160,000",14,,,6,5,,,,,,,,3,
TM-803966,Big 6 Station,"1,590,000",1,,,,,,,,,1,,,,
TM-804079,DDR Mickey Express,"559,000",3,,,1,,,,,,,,,2,
TM-804086,DDR Donald Shattle,"559,000",44,4,,8,,,,,,1,24,7,,
TM-804093,DDR Pooh Loco,"559,000",4,3,,,,,,,,,,,1,
TM-804765,DM-11 Classic Mickey Mouse,"160,000",1,,,,,,,,,,,,1,
TM-804772,Stocking show case,"160,000",22,,,13,,,,,,9,,,,
TM-805298,Techology TP-06 Kagayaki,"260,000",25,,,1,,,,,,,24,,,
TM-805311,Big BS-03 W7 Kagayaki,"650,000",35,,,2,,,,,,7,24,2,,
TM-805335,R-17 Three Way Rail,"140,000",96,,,39,,,,,,,57,,,
TM-806516,DM-02 Chim Chim alien,"160,000",40,9,,10,13,,,,,,,,7,1
TM-806592,Powered Vehicle 03 Power Drill,"590,000",1,,,,,,,,,,,,1,
TM-806707,DM-03 Speedway star buzz,"160,000",16,,,,14,,,,,,,,1,1
TM-808947,Lion Bus,"590,000",3,,,3,,,,,,,,,,
TM-809067,HR13 Water Cannon Motor Bike,"120,000",27,5,,8,6,,,,,2,,3,3,
TM-809104,HR14 Engineering Motor Bike,"120,000",101,8,,26,14,,,,,,,46,7,
TM-809142,HR16 Emergency Bike,"120,000",24,9,,4,2,,,,,,,6,3,
TM-813323,Coordinate Dress Set Diamond Queen Gold,"260,000",1,,,,,,,,,1,,,,
TM-813897,Xích Long Thần Chiến,"349,000",72,,,,,,,,,53,,18,1,
TM-813903,Hắc Long Thần Chiến,"349,000",300,,,16,,,,,,139,,145,,
TM-813910,Vân Long Thần Tốc,"349,000",24,,,,,,,,,24,,,,
TM-813927,Hoàng Long Thần Tốc,"349,000",26,,,,,,,,,26,,,,
TM-813934,Lục Long Huyết Chiến,"349,000",31,,,,,,,,,31,,,,
TM-813941,Kim Long Huyết Chiến,"349,000",104,,,1,,,,1,,79,,23,,
TM-814252,SA -01 Lion,"219,000",48,9,,14,,,,1,,17,,,,7
TM-814269,SA -02 Elephant,"219,000",4,,,,,,,,,,,4,,
TM-814337,Dream star Maleficent,"160,000",16,5,,,2,,,,,1,,3,5,
TM-814344,Poppins Princess snow white,"160,000",1,,,,,,,,,,,,1,
TM-814351,Poppins Princess Aurora,"160,000",3,,,,,,,,,,,,3,
TM-814535,DDR Buzz Lightyear Star Express,"559,000",11,1,,7,,,,,,,,3,,
TM-814542,DDR Alien Space Train,"559,000",3,1,,,,,,,,,,2,,
TM-814818,AL-06 Pteranodon,"199,000",1,,,,,,,,,,,,1,
TM-814900,DM-05 Corot Alien,"160,000",4,1,,,,,,,,,,,3,
TM-816409,Premium Sweets triple ribbon,"398,000",2,,,1,,,,,,1,,,,
TM-816416,Shooting Star Gold Fairy,"398,000",3,,,1,,,,,,2,,,,
TM-816423,Diamond Queen Rose Purple,"398,000",7,,,,,,,,,7,,,,
TM-820116,TS D-08 Four-Step,"149,000",316,,,,,,,,301,14,,,1,
TM-820260,Song Long Hợp Bích (Bộ 2 con),"629,000",1,,,,,,,,,1,,,,
TM-820420,Dream TF Bumblebee,"140,000",788,12,,,38,,,,,31,683,24,,
TM-820437,Dream TF Nemesis Prime,"140,000",31,,,5,2,,,,,,24,,,
TM-821373,Truck Trailer Container,"390,000",1,,,,,,,,,1,,,,
TM-822899,Corot Olaf,"160,000",53,8,,6,2,,,,,1,,30,6,
TM-824541,80 Jeep Wrangler,"89,000",1,,,1,,,,,,,,,,
TM-824640,No.66 Honda Fit,"89,000",1,,,,,,,,,,,,1,
TM-824695,52 Daihatsu Copen,"89,000",8,,,,,,,,,3,,,5,
TM-824794,No.28 Yanmar Combine Yh590,"89,000",1,,,,,,,,,,,,1,
TM-824817,8 Suzuki Alto,"89,000",75,1,,45,22,,,,,2,,,5,
TM-824961,98-9 Honda,"89,000",1,,,,,,,,,,,,1,
TM-824978,98-9 Honda,"89,000",1,,,,,,,,,,,,1,
TM-825036,26-10 Mazda,"89,000",1,,,1,,,,,,,,,,
TM-826279CL,M-06 Movin Movin Carl Fredricksen,"160,000",4,,,,,,,,,4,,,,
TM-829614,DM Wamun Big Hero,"160,000",1,,,,,,,,,,,,1,
TM-829980,TS D-01 Straight Slope,"69,000",306,,,,,,,,286,20,,,,
TM-829997,TS D-02 Curve Slope R,"69,000",493,,,,,,,,408,70,,15,,
TM-830009,TS D-03 Curve Slope L,"69,000",587,,,,,,,,434,142,,11,,
TM-830122,TS D-07 One-Step,"119,000",409,,,,,,,,290,119,,,,
TM-831310,Sc-02 Star Cars Storm Trooper Star War,"199,000",130,5,,70,12,,,,,,,34,9,
TM-831327,SC-03 Star Cars R2-D2,"199,000",65,6,,15,9,,,,,1,,25,9,
TM-831334,SC-04 Star Cars C-3Po,"199,000",3,2,,,,,,,,,,,1,
TM-831815,TS D-05 Curve Road,"69,000",32,,,2,,,,,,30,,,,
TM-832652,DM Inside Out Sadness,"160,000",17,,,2,10,,,,,,,,4,1
TM-833291,B-03 Bộ Con Quay Ragna,"379,000",86,9,,,,,,,,,,77,,
TM-833307,B-04 Bộ Con Quay Kerberos,"379,000",76,6,,10,,,,,,,,60,,
TM-833338,B-09 Sàn Đấu,"749,000",1,,,,,,,,,,,,,1
TM-833345,B-12 Bộ Con Quay Deathsizer,"379,000",115,8,,22,,,,,,7,,78,,
TM-833970,TS D-04 Straight Road,"69,000",2,,,,,,,,,2,,,,
TM-834021,TS Loop Road Set,"749,000",1,,,,,,,,,,,,1,
TM-834878,DM Tsum Tsum Donald Duck (Top),"180,000",1,,,,,,,,,,,,1,
TM-834885,DM Tsum Tsum Marie (Top),"180,000",1,,,,,,,,,,,,1,
TM-834892,DM Tsum Tsum Winnie the Pooh,"180,000",4,,,,,,,,,,,,4,
TM-834915,DM Tsum Tsum Dumbo,"180,000",18,10,,3,1,,,,,1,,,3,
TM-834922,DM Tsum Tsum Chip,"180,000",22,4,,,,,,,,,,6,11,1
TM-834939,DM Tsum TSum Daisy Duck,"180,000",5,4,,,,,,,,,,,1,
TM-834946,DM Dream Star Elsa,"160,000",2,,,,,,,,,,,1,1,
TM-834953,DM Poppins Anna,"160,000",23,,,1,17,,,,,,,1,4,
TM-834960,DM Popute Cinderella,"160,000",14,1,,2,3,,,,,,,1,7,
TM-836360,Metacolle Marvel Ultron,"279,000",9,7,,,,,,,,,,,2,
TM-836582,AL-10 Saber Tiger,"199,000",1,,,,,,,,,,,,1,
TM-837367AS,Mega Monster Ball (Red&White),,29,,,7,,,,,,14,,8,,
TM-837596,TS High Way,"1,499,000",1,,,,,,,,,,,,1,
TM-840374,DM-03  New Sports Car,"160,000",10,,,,7,,,,,,,,3,
TM-840404,DM-04,"160,000",1,,,,,,,,,,,,1,
TM-840510,DM Tsum Tsum Mickey,"180,000",5,,,,,,,,,,,,5,
TM-840527,DM Tsum Tsum Dale,"180,000",20,5,,1,,,,,,,,5,8,1
TM-840534,Tsum Tsum Buzz Lightyear(Tsum),"180,000",23,3,,4,5,,,,,1,,6,4,
TM-840541,Tsum Tsum Alien (Tsum),"180,000",34,3,,10,1,,,,,,,14,6,
TM-840558,Tsum Tsum Stitch (Tsum),"180,000",16,2,,,,,,,,,,10,4,
TM-841876,SC-08 Star Wars Star Cars,"199,000",68,9,,31,15,,,,,1,,9,3,
TM-841906,SC-07 Star Wars Star Cars,"199,000",69,9,,32,5,,,,,,,19,4,
TM-842255,DDR Minnie Mouse Sweet Locomotive,"559,000",2,,,,,,,,,,,,2,
TM-842408,Dream Little Twin,"160,000",2,,,,,,,,,,,,2,
TM-842415,Tomica Lucky Draw Hello Kitty,"160,000",17,,,,12,,,,,,,2,3,
TM-842422,DT Sp My Melody (Little Red,"160,000",5,,,,3,,,,,,,1,1,
TM-844204,Disney Motors Tsum Tsum Ailen (Top),"180,000",3,,,,,,,,,,,,3,
TM-844211,DM Tsum Tsum Mike,"180,000",11,4,,1,1,,,,,,,,5,
TM-844228,DM Tsum Tsum Sully,"180,000",5,1,,1,2,,,,,,,,1,
TM-844242,DM Tsum Tsum Piglet,"180,000",3,,,,,,,,,,,,3,
TM-844259,Disney Motors Tusm Tsum Baymacx (Tsum),"180,000",15,4,,,7,,,,,1,,,3,
TM-848844,Ania The Good Dinosaur,"339,000",17,,,,,,,,,17,,,,
TM-851011,DM Tsum Tsum Olaf (Top),"180,000",7,,,3,,,,,,,,,3,1
TM-851059,DM Tsum Tsum Elsa (wink),"180,000",3,1,,,,,,,,,,,2,
TM-851066,DM Tsum Tsum Anna (wink,"180,000",2,,,,,,,,,,,,2,
TM-851073,DM Tsum Tsum Woody,"180,000",2,,,,,,,,,,,,2,
TM-851080,DM Tsum Tsum Oswald,"180,000",2,,,,,,,,,,,,1,1
TM-851097,DM Tsum Tsum Perry,"180,000",23,6,,8,2,,,,,,,,7,
TM-851950,DM Tsum Tsum Dory,"180,000",5,1,,,,,,,,,,,4,
TM-851974,DM Tsum Tsum Alice (Top),"180,000",3,,,,,,,,,,,,3,
TM-851981,DM Tsum Tsum Alice Cheshire Cat,"180,000",3,,,,,,,,,1,,,2,
TM-852735,12 Premium Toyota,"180,000",1,,,,,,,,,,,,1,
TM-853077,The Mighty Thor,"279,000",1,,,,,,,,,,,,1,
TM-854869,TS Connecting Road,"469,000",1,,,,,,,,,,,,1,
TM-855446,20 Lucky Lotto 20,"180,000",3,,,,,,,,,,,,3,
TM-855460,14 Premium Toyota S-Fr,"180,000",3,,,,,,,,,,,,3,
TM-856436,DM Zootopia Judy Mini-Patrole car,"180,000",72,9,,34,4,,,,,,,25,,
TM-856467,DM Zootopia Finnick Ban,"180,000",190,5,,168,2,,,,,,,14,1,
TM-857129,Tomica Exciting Sound Town,"1,269,000",1,,,,,,,,,,,,1,
TM-857662,Tsumtsum Motors Frozen Anna,"180,000",31,2,,8,2,,,,,,,14,4,1
TM-857679,Tsumtsum Motors Frozen Elsa,"180,000",3,,,,,,,,,,,,3,
TM-858126,Đồ chơi BH-07 A/S,,439,,,,,,,,439,,,,,
TM-859888,70 Mitsubishi Outlander,"89,000",1,,,,,,,,,1,,,,
TM-860013,14 Suzuki Escudo Nsx,"89,000",2,,,1,,,,,,,,,1,
TM-860471,Đồ chơi BHC-03A GOLD LAYER VALKYRIE,,388,,,,,,,,388,,,,,
TM-861096,B-40 Beybladeburst Launcher Grip,"199,000",758,3,,3,,,,,696,31,,24,1,
TM-861102,B-45 Tay Quay Beyblade,"199,000",33,6,,27,,,,,,,,,,
TM-861379,Dts Metacolle Woody,"279,000",1,,,1,,,,,,,,,,
TM-861713,Metacolle Evangelion 02,"279,000",22,,,19,1,,,,,,,,2,
TM-861959, DM-08 Dream Star Rapunzel,"160,000",4,,,,,,,,,,,,4,
TM-865247,DM Tsum Tsum Mad Hatter,"180,000",29,2,,5,7,,,,,,,6,9,
TM-865254,Metacolle Hello Kitty (Blue),"279,000",25,,,16,3,,,,,,,3,3,
TM-865261,Metacolle Hello Kitty (Red),"279,000",51,4,,21,1,,,,,,,19,6,
TM-865933,Bàn đấu Beyblade Premium,,18,5,,8,,,,,,,,5,,
TM-865940,Bàn đấu Beyblade Premium,,14,5,,4,,,,,,,,5,,
TM-866275,17 Tomica Premium,"180,000",1,,,,,,,,,1,,,,
TM-866312,Tomica Dream Hello Kitty Collection B'17,"180,000",239,3,,54,22,,,,,41,,117,2,
TM-867302,P/R Genbi Shinkansen,"699,000",1,,,,,,,,,,,,1,
TM-869689,Tomica Handy Map,"439,000",27,,,4,,1,,,,15,,7,,
TM-869917,Thrilling Mountain (1St) With Special Tomica,"1,490,000",1,,,,,,,1,,,,,,
TM-870029,AL-12  Velociraptor,"199,000",1,,,,,,,,,,,,1,
TM-870517,B-50 Sàn Đấu,"899,000",1,,,,,,,,,,,1,,
TM-871941,SW Tomica Rogue One Ostrich,"199,000",39,7,,13,,,,,,,,17,2,
TM-871958,SW Tomica Rogue One Raven Dx,"199,000",23,4,,16,,,,,,,,2,1,
TM-872122,Dm Dreamstar2 Minnie White Day,"160,000",8,2,,,,,,,,1,,,5,
TM-872832,DM-19 Ragoon Wagon Woody,"160,000",1,,,,,,,,,1,,,,
TM-874430,Build City Sushiro,"199,000",25,1,,3,,,,,,20,,,1,
TM-875000,Toystory  08 Slinky,"180,000",5,1,,,,,,,,4,,,,
TM-875017,Toystory 09  Ham And Andy'S Chair,"180,000",6,1,,1,,,,,,4,,,,
TM-876205,AS-28  Flamingo,"99,000",1,,,,,,,,,,,,1,
TM-876229,Exciting Mountain Bucket,"749,000",7,1,,,,,,,,,,3,3,
TM-877110,Ania Ag-06 Mythical Beast Dinosaur Battle Animal Set,"449,000",20,6,,4,,,,,,,,10,,
TM-879497,67-8 Toyota Passo,"89,000",2,,,,,,,,,,,,2,
TM-879596,78 Subaru ImprezaSport (1st),"89,000",25,1,,16,1,,,,,2,,1,4,
TM-883296,Ld-01 Bộ Búp Bê Licca Quà Tặng,"949,000",8,,,8,,,,,,,,,,
TM-883494,DX Parking T-Kun Carrier Truck,"749,000",261,10,,17,5,,,,191,17,,20,1,
TM-883838,B-36 Con Quay Đơn Rising Ragnaruk. G.R,"199,000",1,,,,,,,,,,,,1,
TM-883845,B-37 Con Quay Đơn Kayser Kerbeus. L.P,"199,000",34,6,,2,,,,,,,,26,,
TM-884514,B-41 Bộ Con Quay Wild Wyvern. V.O,"379,000",330,6,,12,,,,,252,49,,11,,
TM-884552,B-56 Con Quay Đơn Unlock Unicorn. D.N,"199,000",1,,,,,,,,,,,,1,
TM-884835,Standing Vehicle Licca-Way,"999,000",47,,,12,,,,,,23,,12,,
TM-885467,Metacolle Dsn Beymax White,"279,000",1,,,,,,,,,,,,1,
TM-885474,Metacolle Dsn Mickey Steamboat Willie,"279,000",49,3,,10,,,,,,,,34,2,
TM-886006,Prince Haruto Doll Set,"799,000",9,,,4,,,,,,5,,,,
TM-886013,Princess Purple Papillon,"529,000",32,,,,,,,,,23,,9,,
TM-886020,Princess Yellow Rose,"489,000",33,,,4,,,,,,12,,17,,
TM-886037,Princess Emerald Dress Set,"529,000",8,,,1,,,,,,4,,3,,
TM-886082,DM Goodday Carry Beauty,"160,000",14,2,,1,7,,,,,,,3,1,
TM-886235,Thrilling moutain bonus parts for Tomica System GWP,"149,000",225,,,9,,,,13,,178,,25,,
TM-886259,LD-10 Wonderful Licca　,"699,000",1,,,1,,,,,,,,,,
TM-887317,Ride on Hello Kitty,"279,000",3,,,,,,,,,,,3,,
TM-887331,Ride on Minions Stuart and Lucy,"279,000",1,,,,,,,,,,,,1,
TM-887393,22 JASDF type T4-Blue Impulse,"180,000",1,,,,,,,,,,,,1,
TM-887713,Tomica DX Parking,"1,749,000",1,,,,,,,,,,,,1,
TM-887843,Happy Train Tokyo Metro Ginzaline 1000Kei With Light,"549,000",1,,,,,,,,,,,,1,
TM-889274,Disney Motors Tsumtsum Bell Tsum Top,"180,000",1,,,,,,,,,,,,1,
TM-889281,Disney Motors Tsumtsum Beast Tsum,"180,000",20,2,,4,3,,,,,,,6,5,
TM-890607,Ania Mountain Island,"1,390,000",5,4,,1,,,,,,,,,,
TM-890805,Build City GWP Display Box With Design Sheet,"149,000","1,270",10,,48,10,,,24,937,230,,9,,2
TM-894339,Disney Motors DM-20,"160,000",2,,,,,,,,,,,,2,
TM-894551,Metacolle Minions Bob,"279,000",1,,,,,,,,,,,,1,
TM-895671,Ania Al-16 Carnotaurus,"199,000",1,,,,,,,,,,,,1,
TM-895763,Whale Island,"749,000",1,1,,,,,,,,,,,,
TM-896272,LD-12 Long Hair Arrange Licca party Dress Set,"699,000",1,,,,,,,,,1,,,,
TM-963110,MDR Spiderman Train DX Set,"1,749,000",1,,,,,,,,,,,,1,
TM-965992,Mini-Bey Starter Assortment,"59,000","18,328",18,,57,6,,140,,"17,947",128,,30,2,
TM-966340A,B-79 Bộ con quay Starter Fabuniru V2,"389,000",1,,,,,,,,,,,,1,
TM-966456A,B-89 Con quay đơn Beyblade Blast Jinnius.SG.Gr,"229,000",1,,,,,,,,,,,,1,
TM-966715,SC-09 SW Star Cars BB-8 Bub200 B,"199,000",2,,,,,,,,,,,,2,
TM-967545,Air Power Dx Maintenance Factory,"1,590,000",3,,,,,,,,,,,,3,
TM-968221,New Year Ania - Dog,"99,000",1,,,,,,,,,,,,1,
TM-971580,Lw-15 Phụ Kiện Váy Cưới Đính Hoa,"360,000",52,,,24,,,,,,13,,15,,
TM-973263,Dinsey Motors Dream Donald Duck Val Edition '18,"160,000",3,,,,,,,,,,,,3,
TM-973836,H: Subaru Impreza Sport Asia,"89,000",5,,,1,,,,,,,,,4,
TM-975342,Star Wars Star Cars Yoda l Bub200 Y,"199,000",5,4,,,,,,,,1,,,,
TM-975687,Mini Bey Stadium,"49,000","11,809",13,,11,3,,70,,"11,436",50,,226,,
TM-981114,Build City Shop In Your Town,"199,000",123,3,,5,1,,,,64,26,,23,1,
TM-981121,Build City Restaurant In Your Town,"199,000",15,,,7,,,,,,8,,,,
TM-981510,Combining Jungle,"1,390,000",1,1,,,,,,,,,,,,
TM-MKT01A,Ania House,,3,,,3,,,,,,,,,,
TM-MKT02A,Hộp trưng bày mô hình Ania,,1,,,1,,,,,,,,,,
DG32502,Dream Girls-Mini Style book,"829,000",1,,,1,,,,,,,,,,
DG32524,Dream Girls-Shoes Designer,"649,000",1,,,1,,,,,,,,,,
DG32525,Dream Girls-Bag Designer,"649,000",2,2,,,,,,,,,,,,
DG32528,Dream Girls-Marine Look Designer,"449,000",13,10,,1,,,,,,,,2,,
DG32533,Dream Girls-Pretty Puppy Dress room,"859,000",1,,,,,,,,,,,,1,
DG32561,Dream Girls-Fashion Designer DX Flower,"859,000",1,1,,,,,,,,,,,,
DL32650,Bộ tủ lạnh Dalimi,"1,190,000",96,,6,9,3,,,,75,,,3,,
DL32676,Cửa hàng Hamburger Dalimi,"1,090,000",60,2,2,8,2,,,,42,,,4,,
DL32677,Cửa Hàng Kem Dalimi,"1,490,000",38,2,2,3,,,,,29,,,2,,
DL32681,Búp bê Dalimi ,"790,000",1,,,1,,,,,,,,,,
DL32683,Bộ siêu thị Dalimi,"1,269,000",7,,,3,4,,,,,,,,,
DL32685,Bộ tiệm bánh mỳ Dalimi,"999,000",2,,,,,,,,,,,,1,1
DL32694,Xe Cấp Cứu Bệnh Viện Dalimi,"1,190,000",59,3,4,2,2,,,,44,1,,3,,
DL73000,Búp Bê Doremi Dalimi,"790,000",24,6,4,7,3,,,,1,,,3,,
DL73001,Búp bê Doremi bé nhỏ Dalimi,"790,000",26,2,1,3,1,,,,16,,,3,,
DL73040,Bộ nhà bếp Dalimi,"2,190,000",12,2,2,2,2,,,,2,,,2,,
DL73045,Bệnh Viện Thú Cưng Dalimi,"790,000",30,3,5,2,2,,,,12,,,6,,
DL73049,Lò nướng cắm trại BBQ Dalimi,"990,000",32,4,6,1,3,,,,16,,,2,,
DL73050,Bộ lều và dụng cụ cắm trại Dalimi,"1,190,000",14,2,3,4,1,,,,,,,4,,
DL73166,Máy Rửa Chén Dalimi,"1,090,000",24,4,4,6,4,,,,,,,6,,
DL73167,Đàn Piano Dalimi,"2,190,000",15,2,2,,1,,,,8,,,2,,
DL73168,Bồn Rửa Chén Dalimi,"890,000",55,2,6,,2,1,,,40,,,4,,
DL73169,Máy Giặt Dalimi,"890,000",37,1,3,10,4,,,,12,,,7,,
DL73183,Xe kéo Dalimi,"1,190,000",1,,,1,,,,,,,,,,
DL73240,Cửa hàng bánh Macaron Dalimi,"1,490,000",45,3,3,6,2,,,,27,,,4,,
DL73243,Máy Hút Bụi Cầm Tay Dalimi,"890,000",52,4,4,1,3,,,,36,,,4,,
DL73260,Máy Pha Cà Phê Dalimi,"890,000",30,3,2,3,6,,,,12,,,4,,
DL73261,Máy Xay Sinh Tố Dalimi,"890,000",55,5,5,8,3,,,,34,,,,,
DL73263,Bộ nhà thỏ búp bê Dalimi,"1,390,000",50,4,5,5,4,,,,28,,,4,,
HP0088,Bộ làm bánh Harp,"849,000",37,9,3,5,3,1,4,,,,,12,,
HP0089,Máy làm huy hiệu Harp,"890,000",6,6,,,,,,,,,,,,
HP32247,Máy làm đá bào Harp,"1,090,000",100,4,1,6,5,,6,1,63,,,14,,
HP32257,Máy làm sticker 3D Harp,"990,000",51,4,5,6,4,,4,,20,,,8,,
HP32263,Máy làm Sôcola,"479,000",1,,,,,1,,,,,,,,
HP32275,Hộp cầu tuyết kỳ diệu Harp,"1,319,000",1,1,,,,,,,,,,,,
HP32285,Máy chế biến kẹo bông gòn Harp,"1,890,000",133,6,6,9,7,,5,4,84,3,,7,1,1
HP32288,Harp-3D Sticker Maker Refill,"299,000",2,,,,,,,,,2,,,,
HP32614,Máy làm huy hiệu Harp,"890,000",62,8,6,9,3,,4,,24,,,8,,
HP73207,Bộ dụng cụ đóng dấu Harp,"890,000",64,4,12,12,6,,4,,24,,,2,,
HP73322,Bể cá cầu vồng Harp,"1,590,000",28,2,2,5,5,,3,,9,,,2,,
1684016,Mô hình ấm nước thông minh. Hiệu Smart,"299,000",2,,,,,,,,,,,2,,
KB310,Trống sáng tạo Kibu - Trâu Kubi,"89,000",12,,,,,,,,,12,,,,
204512,Đồ chơi lắp ráp Re-ment - POKEMON Terrarium 5,"259,000",2,,,,,,,,,,,,1,1
205212,Đồ chơi lắp ráp Rement - POKEMON PETITE FLEUR trois ,"299,000",1,,,1,,,,,,,,,,
205229,Đồ chơi lắp ráp Rement - POKEMON PETITE FLEUR trois ,"299,000",1,,,,,,,,,,,,,1
205571,Rement – POKEMON Terrarium 8,"279,000",1,,,1,,,,,,,,,,
4521121206554,Rement – POKEMON Pochama Collection,"299,000",7,,,6,1,,,,,,,,,
4521121206578,POKEMON Forest 7,"299,000",49,19,,22,8,,,,,,,,,
4521121206615,POKEMON Nakayoshi friends 2,"299,000",47,,,33,14,,,,,,,,,
4521121206837,POKEMON World 2,"299,000",32,,,27,5,,,,,,,,,
4521121206950,POKEMON WREATH COLLECTION 2 Happiness Wreath ,"299,000",47,21,,12,14,,,,,,,,,
4521121207056,POKEMON Midnight Mansion,"349,000",1,1,,,,,,,,,,,,
4521121207131,POKEMON Terrarium 12 ,"299,000",60,20,,22,18,,,,,,,,,
4521121207155,POKEMON Terrarium Happy Mainichi,"349,000",55,8,,33,14,,,,,,,,,
4521121207230,POKEMON Garden ,"349,000",60,10,,33,17,,,,,,,,,
4549660820741,POKEMON SCALE WORLD KANTO REGION W/O GUM,"249,000",8,1,,4,3,,,,,,,,,
4549660820789,POKEMON KIDS TRAVELING FRIENDS EDITION W/O GUM,"99,000",57,23,,20,14,,,,,,,,,
4549660836650,POKEMON KIDS MEMORABLE POKEMON GET! HEN,"99,000",8,3,,5,,,,,,,,,,
4573102555908,POKEPLA 42 EEVEE,"299,000",2,2,,,,,,,,,,,,
4573102557827,POKEPLA 41 PIKACHU,"299,000",1,,,,1,,,,,,,,,
4573102558909,POKEPLA 32 MEWTWO,"299,000",8,,,1,7,,,,,,,,,
4573102577528,POKEPLA 33 Xerneas,"549,000",7,4,,3,,,,,,,,,,
4573102581761,POKEPLA 37 Mega Bursyamo,"549,000",12,3,,7,2,,,,,,,,,
4573102582874,POKEPLA 05 HO-OH,"299,000",9,4,,4,1,,,,,,,,,
4573102582898,POKEPLA 14 ZEKROM,"299,000",1,,,,1,,,,,,,,,
4573102602701,POKEPLA 43 CHARIZARD BATTLEVer. & DRAGONITE VS SET,"549,000",5,,,3,2,,,,,,,,,
4573102602718,POKEPLA 44 RIOLU & LUCARIO,"499,000",8,1,,7,,,,,,,,,,
4573102604415,POKEPLA 45 GENGAR,"399,000",5,2,,1,2,,,,,,,,,
4573102617989,POKEPLA 47 SELECT SERIES Greninja,"499,000",16,,,14,2,,,,,,,,,
4573102619181,POKEPLA 48 Gaburias (Garchomp),"499,000",12,1,,7,4,,,,,,,,,
4573102640215,POKEPLA 52 Gyarados,"549,000",8,,,6,2,,,,,,,,,
4983164188875,POKEMON KORORIN FRIENDS PLUSH#TOTODILE#POLI,"399,000",5,2,,2,1,,,,,,,,,
4983164190984,POKEMON BIG PLUSH～DRAGONITE～,"599,000",7,2,,2,3,,,,,,,,,
4983164190991,POKEMON BIG PLUSH～PIKACHU･TEDDIURSA～,"599,000",1,,,1,,,,,,,,,,
4983164191011,POKEMON SUPER BIG PLUSH～MEW～,"699,000",1,,,,1,,,,,,,,,
4983164193046,POKEMON SUPER BIG PLUSH CUSHION～PIKACHU～,"699,000",1,,,,1,,,,,,,,,
4983164193060,POKEMON BIG PLUSH～AMPHAROS#DEDENNE～,"599,000",2,,,1,1,,,,,,,,,
4983164193077,POKEMON BIG PLUSH～PLUSLE#GLACEON～,"599,000",1,1,,,,,,,,,,,,
4983164193084,POKEMON BIG PLUSHMBREON MINUN,"599,000",1,,,1,,,,,,,,,,
4983164193091,POKEMON SUPER BIG PLUSH～CHARMANDER～,"699,000",3,,,3,,,,,,,,,,
4983164194111,POKEMON BIG PLUSH VAPOREON MUDKIP,"599,000",7,2,,2,3,,,,,,,,,
4983164195163,POKEMON BIG PLUSH SPRIGATITO FUECOCO QUAXLY,"599,000",6,3,,3,,,,,,,,,,
4983164195187,POKEMON SUPER BIG PLUSH RAICHU,"699,000",8,3,,3,2,,,,,,,,,
4983164196245,POKEMON PLUSH～POKE BALL COLLECTION～VOL.1,"399,000",13,3,,5,5,,,,,,,,,
90463,Gà Trống Lật Đật,"77,000",2,,,,,,,,,,,2,,
90470,Gà Mái Lật Đật,"77,000",2,,,,,,,,,,,2,,
90487,Chim Đỏ Cáu Kỉnh,"77,000",2,,,,,,,,,,,2,,
90500,Hà Mã Lật Đật,"77,000",2,,,,,,,,,,,2,,
90548,Đua Khủng Long,"275,000",1,,,,,,,,,,,1,,
91361C,Xếp hình Puzzle 99 pcs (Nụ Hôn Ngọt Ngào),"61,000",2,,,,,,,,,,,2,,
91385A,Xếp hình 3D (Cung Điện Sungnymun),"156,000",2,,,,,,,,,,,2,,
91385D,Xếp hình 3D (Tàu Khu Trục DDH-971),"156,000",2,,,,,,,,,,,2,,
91385G,Xếp hình 3D (Trực Thăng Surion),"156,000",1,,,,,,,,,,,1,,
91392K,Xếp hình 3D (Khủng Long Tyrannus - Brachio),"95,000",1,,,,,,,,,,,1,,
91392L,Xếp hình 3D (Khủng Long Tricera - Stego),"95,000",2,,,,,,,,,,,2,,
91392Q,Xếp hình 3D (Túp Lều Thời Tiền Sử),"95,000",2,,,,,,,,,,,2,,
91804,Tìm Nơi Ẩn Náu,"107,000",1,,,,,,,,,,,1,,
93150C004,Trò Chơi Ghép Hình Bảng Từ C-004 (Phương Tiện Vận Chuyển),"115,000",1,,,,,,,,,,,1,,
BVTR03,Bóp viết Lớp Học Mật Ngữ - Red Power Cylinder,"149,000",2,1,,,,,,,,,,1,,
HHBBS1,Huy hiệu Bảo Bình Vol.1,"79,000",1,1,,,,,,,,,,,,
HHBDS1,Huy hiệu Bạch Dương Vol.1,"79,000",1,1,,,,,,,,,,,,
HHKNS1,Huy hiệu Kim Ngưu Vol.1,"79,000",2,2,,,,,,,,,,,,
HHNMS1,Huy hiệu Nhân Mã Vol.1,"79,000",1,1,,,,,,,,,,,,
HHTBS1,Huy hiệu Thiên Bình Vol.1,"79,000",1,1,,,,,,,,,,,,
MKSTS2,Móc khóa Sư Tử Nữ Vol 1,"79,000",2,2,,,,,,,,,,,,
TTBBS1,Thẻ tên Bảo Bình Vol.1,"79,000",3,3,,,,,,,,,,,,
TTBDS1,Thẻ tên Bạch Dương Vol.1,"79,000",1,1,,,,,,,,,,,,
TTCGS1,Thẻ tên Cự Giải Vol.1,"79,000",1,1,,,,,,,,,,,,
TTKNS1,Thẻ tên Kim Ngưu Vol.1,"79,000",3,3,,,,,,,,,,,,
TTMKS1,Thẻ tên Ma Kết Vol.1,"79,000",3,3,,,,,,,,,,,,
TTNMS1,Thẻ tên Nhân Mã Vol.1,"79,000",2,2,,,,,,,,,,,,
TTSTS1, Thẻ tên Sư Tử Vol.1 ,"79,000",1,1,,,,,,,,,,,,
TTXNS1,Thẻ tên Xử Nữ Vol.1,"79,000",1,1,,,,,,,,,,,,
MDHTIOB,Đồng hồ Tio Black,"1,290,000",3,,,,,,,3,,,,,,
61100,Bộ đồ nghề,"149,000",1,,,,,,,,,1,,,,
KDTT,Không được thì thôi,"68,000",34,,,,,,,,,,,33,,1
HW8450,Bộ Đồ Chơi Bồn Nước 8 Món (5 Hình Rùa Xếp Khối & 3 Chiếc Thuyền),"115,000",6,,,,,,,,,,,3,3,
BAOLIXI2022,Bao Lì Xì 2022,,60,,,,,,,60,,,,,,
SNTKT,Sach Game Nong trai ky thu,"199,000",10,,,,,,,,,,,10,,
6LR61T/1B,Pin kiềm - Alkaline 9V,"60,000",27,,,19,,,,,,,,8,,
BK-3LCCE/2BV,Eneloop lite 2A - Pin sạc,"185,000",21,,,15,,,,,,,,6,,
BK-4LCCE/2BV,Eneloop lite 3A - Pin sạc,"185,000",18,,,18,,,,,,,,,,
K-KJ50LCC20V,Charger Kit - Bộ sạc,"250,000",11,,,9,,,,,,,,2,,
LR03EG/2B-V,Evolta AAA,"46,000",2,,,2,,,,,,,,,,
LR20T/2B-V,Pin D (Pin Đại),"85,000",40,,,39,,,,,,,,1,,
R03NT/2B-V,Pin than AAA,"10,000",6,,,6,,,,,,,,,,
R6NT/4B-V,Pin than AA,"26,000",2,,,,,,,,,,,2,,
C032, Hộp quà chữ nhật C032 ,"56,000",11,,,11,,,,,,,,,,
BHV06,Barbie hội tiệc Pyjama,"499,000",1,,,,,,,,,,,1,,
BLW38,Lục lạc thú xinh,"179,000",3,,,,,,,,,,,,3,
CGN32,Trạm Phóng Phi Thuyển Star Wars Hot Wheels,"1,999,000",2,,,,,,,,,,,2,,
CGN73,Trạm Không Gian Star Wars,"899,000",4,,,,,,,,,,,4,,
CGW52,Tàu Chiến Không Gian Star Wars Hot Wheels,"299,000",2,,,,,,,,,,,2,,
CH20583BK-BB,Bộ 16 món dụng cụ làm bánh Barbie,"399,000",1,,,,,,,,,,,1,,
CKJ49,Xe Fast and Furious,"149,000",29,,,,,,,,,,,29,,
CMT02,Bộ Đường Đua Di Động Set 2,"149,000",1,,,,,,,,,,,,1,
DLT27,Búp Bê Phiêu Lưu Dải Ngân Hà Amica/ Stellare Barbie,"499,000",1,,,,,,,,,,,1,,
DLT39,Búp Bê Phiêu Lưu Dãy Ngân Hà Barbie,"449,000",3,,,,,,,,,,,3,,
P6949,Fp Newborn Pp Gorilla Rattle,"379,000",3,,,,,,,,,,,,3,
V6961,Fp Newborn Boy Peg Saw,"199,000",2,,,,,,,,,,,,2,
X2887,Barbie nhà thiết kế,"595,000",1,,,,,,,,,,,1,,
Y3621,Fp Newborn Soccer Ring Clacker,"149,000",1,,,,,,,,,,,,1,
K101/1,Bộ tô tượng bạch tuộc - K101/1,"32,000",3,,,,,,,,,,,3,,
K101/3,Bộ tô tượng cá Nemo - K101/3,"32,000",1,,,,,,,,,,,1,,
K203,Bộ Tô Gỗ Con Gà,"40,000",2,,,,,,,,,,,2,,
K204,Bộ Tô Gỗ Con Hươu,"40,000",1,,,,,,,,,,,1,,
200304,Mũ Bảo Hiểm TE Mumguard Màu Hồng,"279,000",1,,,,,,,,,,,1,,
P0000242,YJ Fisher,"163,000",1,,,1,,,,,,,,,,
SP000210,MoYu MoFangJiaoShi 5x5 MF5s Stickerless,"188,000",1,,,,,,,,,,,,1,
SP000321,MoFangJiaoShi Wind Mirror silver,"125,000",1,,,,,,,,,,,,1,
SP000322,MoFangJiaoShi Wind Mirror Gold,"125,000",1,,,1,,,,,,,,,,
SP004504,YuXin 5x5 Little Magic M stickerless,"470,000",1,,,1,,,,,,,,,,
432-102-2,Xe trượt scooter 3 bánh GLOBBER PRIMO FOLDABLE LIGHTS cho ,"2,180,000",2,,,1,1,,,,,,,,,
432-106-2,Xe trượt scooter 3 bánh GLOBBER PRIMO FOLDABLE LIGHTS cho ,"2,180,000",4,,,2,2,,,,,,,,,
522-100,Đèn Phát Sáng Led Globber - Xanh Da Trời,"120,000",34,4,,22,,,,,,,,7,,1
522-110,Đèn Phát Sáng Led Globber - Hồng,"120,000",35,4,,22,,,,,,,,7,,2
524-100,Balo Globber Junior - Xanh Da Trời,"380,000",3,,,1,2,,,,,,,,,
524-103,Balo Globber Junior - Tím,"380,000",13,2,,7,2,,,,,,,2,,
524-110,Balo Globber Junior - Hồng,"380,000",6,,,4,2,,,,,,,,,
613-120,Xe trượt scooter 3 bánh GLOBBER ULTIMUM LIGHTS cho trẻ em từ 5 ,"4,980,000",1,,,1,,,,,,,,,,
203351,Kongsuni Piano,"1,780,000",2,,,,,,,2,,,,,,
80-118903,Đồ Chơi Phòng Tắm (Voi Phun Nước),"704,000",5,,,,,,,,,3,,,2,
FAS3040-001,Nón bơi người lớn màu trắng,"230,000",4,,,4,,,,,,,,,,
FAS3040-002,Nón bơi người lớn màu đỏ,"230,000",8,3,,5,,,,,,,,,,
FAS3040-003,Nón bơi người lớn màu hồng,"230,000",3,,,3,,,,,,,,,,
FAS3040-004,Nón bơi người lớn màu đen,"230,000",11,3,,8,,,,,,,,,,
FAS3040-005,Nón bơi người lớn màu xám,"230,000",2,,,2,,,,,,,,,,
FAS3040-006,Nón bơi người lớn màu xanh,"230,000",8,2,,6,,,,,,,,,,
FAS3048-VANG,Nón bơi trẻ em hình cá vàng,"230,000",5,3,,2,,,,,,,,,,
FAS3048-XAM,Nón bơi trẻ em hình cá xám,"230,000",6,4,,1,,,,,,,,1,,
FAS3048-XD,Nón bơi trẻ em hình cá xanh dương,"230,000",1,,,,,,,,,,,1,,
FAS3048-XL,Nón bơi trẻ em hình cá xanh lá,"230,000",13,5,,8,,,,,,,,,,
FAS4107S-CAM,Kính Bơi Trẻ Em Rocky cam S,"190,000",4,4,,,,,,,,,,,,
FAS4107S-DE,Kính Bơi Trẻ Em Rocky đen S,"190,000",3,2,,1,,,,,,,,,,
FAS4107S-XD,Kính Bơi Trẻ Em Rocky Xanh đen S,"190,000",1,1,,,,,,,,,,,,
FAS4107S-XL,Kính Bơi Trẻ Em Rocky xanh lá S,"190,000",1,,,,,,,,,,,1,,
FAS4124L-TRA,Kính bơi người lớn Racer Trắng,"290,000",1,,,1,,,,,,,,,,
FAS4130L-XD,Kính bơi người lớn Pioneer Xanh Đen,"360,000",1,,,1,,,,,,,,,,
FAS4134S-XD,Kính bơi trẻ em Match xanh S,"290,000",1,,,1,,,,,,,,,,
FAS4147S-XC,Kính bơi trẻ em Spark I xanh cam S,"360,000",1,1,,,,,,,,,,,,
FAS4156L-BAC,Kính bơi nguời lớn Power Mirror màu bạc,"580,000",1,,,1,,,,,,,,,,
FAS4156L-GOLD,Kính bơi nguời lớn Power Mirror màu vàng Gold,"580,000",1,,,1,,,,,,,,,,
FAS4167M-DEN,Kính Bơi Trẻ Em Spark II đen M,"360,000",1,,,1,,,,,,,,,,
FAS4185M-TRG,Kính bơi Primo trắng M,"480,000",2,,,2,,,,,,,,,,
FAS8302-00-CAM,Phao tay trẻ em Sima Cam size 00 (dưới 2 tuổi),"290,000",4,3,,1,,,,,,,,,,
FAS8302-CAM1,Phao tay trẻ em Sima Cam size 1 (6-12 tuổi),"290,000",2,2,,,,,,,,,,,,
K100P,Robot đồ chơi Robotek Kidbo K100P,"1,680,000",1,,,,,,,1,,,,,,
K100W_MKT,Robot đồ chơi Robotek Kidbo K100W,"1,680,000",13,,,,,,,13,,,,,,
WELLY-43712CW,Đồ chơi WELLY Xe mô hình 43712CW Pull Back Audi R8 V10,"119,000",1,,,,,,,,,,,1,,
WELLY-44010GP,Đồ chơi WELLY Xe mô hình 44010GP-CW,"79,000",1,,,,,,,,,,,1,,
425-106-2,Xe Trượt Scooter Globber Primo Starlight - Xanh Lá,"2,280,000",1,1,,,,,,,,,,,,
433-206,Xe trượt scooter 3 bánh gấp gọn có bánh xe phát sáng Globber ,"2,180,000",8,2,3,3,,,,,,,,,,
444-800,Xe trượt scooter 3 bánh GLOBBER ELITE PRIME cho trẻ em từ 3 đến 9 ,"2,880,000",12,3,4,5,,,,,,,,,,
444-802,Xe trượt scooter 3 bánh GLOBBER ELITE PRIME cho trẻ em từ 3 đến 9 ,"2,880,000",10,2,4,4,,,,,,,,,,
444-810,Xe trượt scooter 3 bánh GLOBBER ELITE PRIME cho trẻ em từ 3 đến 9 ,"2,880,000",8,1,4,3,,,,,,,,,,
473-100,Xe trượt scooter 2 bánh GLOBBER FLOW FOLDABLE 125 cho trẻ ,"2,880,000",9,2,3,3,1,,,,,,,,,
473-114,Xe trượt scooter 2 bánh GLOBBER FLOW FOLDABLE 125 cho trẻ ,"2,880,000",11,4,4,3,,,,,,,,,,
506-206,Mũ bảo hộ chơi xe trượt có thể điều chỉnh kích cỡ và đèn phát sáng an ,"980,000",6,2,2,2,,,,,,,,,,
506-210,Mũ bảo hộ chơi xe trượt có thể điều chỉnh kích cỡ và đèn phát sáng an ,"980,000",6,2,2,2,,,,,,,,,,
507-105,Mũ bảo hộ chơi xe trượt scooter GLOBBER ELITE LIGHTS XS/S cho trẻ em ,"1,180,000",11,4,2,3,,,,,,,,2,,
507-110,Mũ bảo hộ chơi xe trượt scooter GLOBBER ELITE LIGHTS XS/S cho trẻ em ,"1,180,000",8,4,2,2,,,,,,,,,,
530-100,Bộ tín hiệu còi và đèn phát sáng Globber Mini Buzzer - Xanh da trời,"420,000",9,3,3,3,,,,,,,,,,
530-110,Bộ tín hiệu còi và đèn phát sáng Globber Mini Buzzer - Hồng,"420,000",8,3,2,3,,,,,,,,,,
533-106,Chuông báo sành điệu cho xe trượt Globber - Xanh lá/Họa tiết hoa,"230,000",6,2,2,2,,,,,,,,,,
533-200,Chuông báo sành điệu cho xe trượt Globber - Xanh Pastel/Họa tiết ,"230,000",12,4,4,4,,,,,,,,,,
533-206,Chuông báo sành điệu cho xe trượt Globber - Xanh Mint/Họa tiết dân ,"230,000",2,,2,,,,,,,,,,,
541-100,Bộ bảo hộ chơi xe trượt scooter GLOBBER JUNIOR XS cho trẻ em ,"520,000",12,4,4,4,,,,,,,,,,
541-110,Bộ bảo hộ chơi xe trượt scooter GLOBBER JUNIOR XS cho trẻ em ,"520,000",16,5,4,4,,,,,,,,3,,
662-105,Xe trượt scooter 3 bánh GLOBBER MASTER LIGHTS cho trẻ em từ 4 ,"2,980,000",9,2,4,3,,,,,,,,,,
662-120,Xe trượt scooter 3 bánh GLOBBER MASTER LIGHTS cho trẻ em từ 4 ,"2,980,000",9,2,4,3,,,,,,,,,,
BAB-030,"Kính chống tia cực tím Babiators phi công - Xanh Dương, cho bé 0-2 ","555,000",13,4,4,5,,,,,,,,,,
BAB-031,"Kính chống tia cực tím Babiators phi công - Xanh Dương, cho bé 3-5 ","555,000",13,4,4,5,,,,,,,,,,
BAB-043,"Kính chống tia cực tím Babiators phi công - Hồng, cho bé 0-2 tuổi","555,000",13,4,4,5,,,,,,,,,,
BAB-047,"Kính chống tia cực tím Babiators phi công - Hồng, cho bé 3-5 tuổi","555,000",13,4,4,5,,,,,,,,,,
BAB-121,"Dây đeo kính đa sắc cầu vồng cho bé Babiators - Tie Dye, từ 0 đến hơn 6 ","165,000",4,2,,2,,,,,,,,,,
BAB-150,"Kính bơi cho bé Babiators - Xanh Ca-ri-bê, từ 3 tuổi","825,000",8,2,4,2,,,,,,,,,,
BAB-151,"Kính bơi cho bé Babiators - Hồng mĩ miều , từ 3 tuổi","825,000",6,2,2,2,,,,,,,,,,
BAB-209,"Kính chống tia cực tím Babiators phi công hai màu - In The Limelight, ","555,000",12,4,4,4,,,,,,,,,,
BAB-212,"Kính chống tia cực tím Babiators phi công hai màu - Pink Lemonade, ","555,000",12,4,4,4,,,,,,,,,,
BLU-002,Kính chống tia cực tím Babiators cổ điển có tròng kính phân cực - ,"925,000",13,4,4,5,,,,,,,,,,
BLU-003,Kính chống tia cực tím Babiators cổ điển có tròng kính phân cực - ,"925,000",13,4,4,5,,,,,,,,,,
BLU-011,Kính chống tia cực tím Babiators thủy thủ có tròng kính phân cực - ,"925,000",12,4,4,4,,,,,,,,,,
BLU-016,Kính chống tia cực tím Babiators mắt trái tim có tròng kính phân cực - ,"925,000",12,4,4,4,,,,,,,,,,
BLU-020,Kính chống tia cực tím Babiators thủy thủ có tròng kính phân cực - ,"925,000",12,4,4,4,,,,,,,,,,
BLU-035,Kính chống tia cực tím Babiators mắt hoa có tròng kính phân cực - ,"925,000",12,4,4,4,,,,,,,,,,
BLU-041,Kính chống tia cực tím Babiators mắt hoa có tròng kính phân cực - ,"925,000",12,4,4,4,,,,,,,,,,
BLU-050,Kính chống tia cực tím Babiators cổ điển có tròng kính phân cực - ,"925,000",12,4,4,4,,,,,,,,,,
CCRB-1237,Bộ đồ chơi xe tải chở ô tô Green Toys cho bé từ 3 tuổi,"1,099,000",4,,4,,,,,,,,,,,
CHF01R,Bộ đồ chơi đồ dùng cho đầu bếp Green Toys cho bé từ 2 tuổi,"649,000",2,,2,,,,,,,,,,,
CPTK-1586,Bộ đồ chơi xe chở bánh Cupcake Green Toys cho bé từ 2 tuổi,"899,000",2,,2,,,,,,,,,,,
CRGB-1399,Đồ chơi máy bay vận tải Green Toys cho bé từ 3 tuổi,"899,000",4,,4,,,,,,,,,,,
CST3A-1630,Bộ đồ chơi 3 loại xe xây dựng Green Toys cho bé từ 2 tuổi,"1,699,000",2,,2,,,,,,,,,,,
DIN01R,Bộ đồ chơi đồ dùng nấu nướng & ăn uống Green Toys cho bé từ 2 tuổi,"1,549,000",2,,2,,,,,,,,,,,
DTKBO-1283,Đồ chơi xe chở cát Green Toys cho bé từ 1 tuổi - Xanh/Cam,"1,099,000",2,,2,,,,,,,,,,,
FPLO-1400,Đồ chơi máy bay chữa cháy Green Toys cho bé từ 6 tháng - 6 tuổi,"599,000",3,,3,,,,,,,,,,,
FRBA-1038,Đồ chơi phà chở xe ô tô Green Toys cho bé từ 3 tuổi - Trắng/Xanh ,"1,149,000",4,,4,,,,,,,,,,,
FTK01R,Đồ chơi xe cứu hoả Green Toys cho bé từ 1 tuổi,"1,099,000",2,,2,,,,,,,,,,,
HRT-002,"Kính chống tia cực tím Babiators mắt trái tim - Heartbreaker, Hồng, ","695,000",12,4,4,4,,,,,,,,,,
LTKT-1587,Đồ chơi xe máy xúc càng cao Green Toys cho bé từ 1 tuổi,"1,249,000",2,,2,,,,,,,,,,,
NAV-047,"Kính chống tia cực tím Babiators thủy thủ - Fade To Blue, cho bé 3-","695,000",12,4,4,4,,,,,,,,,,
NAV-056,"Kính chống tia cực tím Babiators thủy thủ - Future's So Bright, cho ","695,000",12,4,4,4,,,,,,,,,,
PDBA-1343,Đồ chơi tàu có guồng đạp nước Green Toys cho bé từ 6 tháng,"499,000",3,,3,,,,,,,,,,,
PFIR-1156,Bộ đồ chơi trạm cứu hỏa Green Toys cho bé từ 2-6 tuổi,"2,049,000",2,,2,,,,,,,,,,,
PFRM-1158,Bộ đồ chơi trang trại Green Toys cho bé từ 2 tuổi,"2,049,000",2,,2,,,,,,,,,,,
PHSE-1239,Bộ đồ chơi ngôi nhà Green Toys cho bé từ 2 tuổi - Xanh,"2,049,000",2,,2,,,,,,,,,,,
PPGB-1312,Đồ chơi trạm sửa xe và đỗ trực thăng Green Toys cho bé từ 3 tuổi,"1,849,000",2,,2,,,,,,,,,,,
RBH1-1155,Bộ đồ chơi tàu cứu hộ và trực thăng Green Toys cho bé từ 2 tuổi,"1,599,000",2,,2,,,,,,,,,,,
RND-002,"Kính chống tia cực tím Babiators mắt tròn - Into The Mist, cho bé 3-","695,000",12,4,4,4,,,,,,,,,,
RND-005,"Kính chống tia cực tím Babiators mắt tròn - Peachy Keen, cho bé 3-","695,000",12,4,4,4,,,,,,,,,,
RND-008,"Kính chống tia cực tím Babiators mắt tròn - All The Rage Sage, cho bé ","695,000",11,4,3,4,,,,,,,,,,
RND-011,"Kính chống tia cực tím Babiators mắt tròn - Sweet Cream, cho bé 3-","695,000",12,4,4,4,,,,,,,,,,
RVCO-1459,"Bộ đồ chơi xe, thuyền và đồ dùng cắm trại Green Toys cho bé từ 2 ","1,349,000",4,,4,,,,,,,,,,,
SCHY-1009,Đồ chơi xe School Bus Green Toys cho bé từ 1 tuổi,"1,099,000",2,,2,,,,,,,,,,,
SND01R,Bộ đồ chơi cát Green Toys cho bé từ 18 tháng - Xanh lá,"749,000",1,,1,,,,,,,,,,,
TRTO-1042,Đồ chơi máy kéo Green Toys cho bé từ 1 tuổi,"849,000",2,,2,,,,,,,,,,,
WAGO-1227,Đồ chơi xe kéo hàng Green Toys cho bé từ 18 tháng,"1,249,000",2,,2,,,,,,,,,,,
WAGSB-1567,Đồ chơi xe School Bus có dây kéo Green Toys cho bé từ 18 tháng,"1,399,000",2,,2,,,,,,,,,,,
WTCG-1111,Bộ đồ chơi tưới nước Green Toys cho bé từ 18 tháng,"749,000",2,,2,,,,,,,,,,,
TCT-140810-G,Tượng con trâu nhỏ đồng tiền,"3,490,000",6,,,,,,,3,,,,1,,2
URRA-TUONG,Bộ cờ tướng Traveline Chess,"1,200,000",4,,,2,,,,,,,,2,,
28288,Nimbus Triceratops - Xanh lá,"990,000",1,,,,,,,,,,,,1,
6F22(B)F-GP,Pin Than Fujitsu 6F22 (1B)_SIZE 9V,"18,000",17,,,17,,,,,,,,,,
6LR619V1,Pin Kiềm - Alkaline 9V,"60,000",86,,,85,,,,,,,,,,1
LR03(2B)FU-W-FI,Pin Kiềm Fujitsu LR03 (2B) FU-W-FI_SIZE AAA Vỉ 2,"24,000",1,,,1,,,,,,,,,,
LR03AAA2,Pin Kiềm - Alkaline AAA Vỉ 2,"31,000",24,,,6,,,,,,,,,,18
LR03AAA4,Pin Kiềm - Alkaline AAA Vỉ 4,"59,000",8,,,,,,,,,,,,,8
LR14C2,Pin Duracell MN1400 - LR14 C2,"61,000",3,,,3,,,,,,,,,,
LR20D2,Pin D (Pin Đại),"99,000",25,,,25,,,,,,,,,,
R03(4B)F-GP,Pin Than Fujitsu R03 (4B)_SIZE AAA Vỉ 4,"17,000",14,,,13,,,,,,,,,,1
R14(2B)F-GP,Pin Than Fujitsu R14 (2B)_SIZE C Vỉ 2,"20,000",18,,,18,,,,,,,,,,
R20(2B)F-GP,Pin Than Fujitsu R20 (2B)_SIZE D Vỉ 2,"25,000",11,,,11,,,,,,,,,,
172789,Robot nắp chai Gyokurock Samurai,"199,000",2,,,,,,,,,,,2,,
172796,Bộ đấu trường robot nắp chai,"949,000",1,,,,,,,,,,,1,,
30524,Hàng tặng Lego,,69,,,,,,,,,69,,,,
31021,Thú Nhỏ Đáng Yêu,"769,000",1,,,,,,,1,,,,,,
31044,Công Viên Động Vật,"679,000",2,,,,,,,2,,,,,,
41306,Xe Máy Bãi Biển Của Mia,"458,000",2,,,2,,,,,,,,,,
41327,Phòng Ngủ Của Mia,"259,000",1,,,,,,,,,,,1,,
41392LG,Cắm Trại Ngoài Trời,"1,269,000",1,,,,,,,,,,,1,,
B9014,Bếp nấu tiện lợi,"759,000",1,,,,,,,1,,,,,,
B9740,Lò Nướng Bánh Thần Kỳ,"1,199,000",1,,,,,,,1,,,,,,
C1834,Hộp nhạc lấp lánh của Princess Skystar,"599,000",1,,,,,,,,,,,,1,
C4982A,Siêu xe Hot Wheels,"69,000",4,,,,,,,,,,,4,,
R76000/RED,Xe điều khiển 1:24 Ferrari 488 GTB_màu Đỏ,"399,000",1,,,,,,,1,,,,,,
244079,Giày trượt đường phố màu tím Zinc,"689,000",8,,,,,,,,,8,,,,
989004,Giày trượt đường phố màu hồng Zinc,"689,000",19,,,,,,,,,,,19,,
D410,Khủng long sừng tấm điều khiển,"1,189,000",1,,,1,,,,,,,,,,
D420,Khủng long cổ dài điều khiển,"1,189,000",1,,,1,,,,,,,,,,
,,,,,,,,,,,,,,,,
